balance,zero_activity_freq,cumulativeincome,lag_balance,lag_cumulativeincome,rolling_mean_balance,rolling_mean_cumulativeincome,rolling_std_cumulativeincome,balance_error_flag,has_trigger
-0.019802652909385633,-0.07112140288544783,-0.004502426291584781,-0.028931099076473257,0.0001922439149614208,-0.020841898204924214,-0.00031466672973657473,-0.022931478570668427,-0.0981656676291595,-0.044865829356462696
-0.020007282578282527,-0.07302814198314747,-0.00498708207808892,-0.025518423079954274,-0.0018082680174790963,-0.018405059841384065,0.00029431208166241785,-0.023500993102947974,-0.096266894862734,-0.04811091480187492
-0.02291116308635016,-0.07361778327656733,-0.0025341816603410227,-0.030697963500241444,-0.002397352917675704,-0.01583701304543362,-0.0013309084622702971,-0.02378759043789638,-0.0962182089759956,-0.044441490587818364
-0.022645298932405716,-0.07253472000895839,-0.00323816364432791,-0.02714698813993725,0.0021248082777137745,-0.01992870619648273,-0.0011424838934592687,-0.024969473102965288,-0.09737642730737647,-0.04586782888549163
-0.021354400029008836,-0.07390065405382915,-0.0037256247647445445,-0.027553188134370972,-0.0005896662532938746,-0.017449447010762918,-0.0012126490477085492,-0.024832797416550655,-0.09686955433982078,-0.045196322189303716
-0.02467761328061752,-0.07199095325557026,-0.002318358311240724,-0.026800455286261793,-0.0002504026898097478,-0.018498168407990893,-0.00035132502904593584,-0.026603857879768437,-0.09439093835229209,-0.04675905283678773
-0.02232664472753451,-0.07413325253576102,0.00034284364263248435,-0.02806140228538898,-0.0019685711639244037,-0.016902842973073158,-7.688687526645311e-05,-0.026697859174846794,-0.09666506022550037,-0.04610772918459732
-0.021446741088454582,-0.05967619580715196,-0.001383898253233813,-0.02674760791301109,-0.000707377672402786,-0.01854186845395234,-3.3542709647560454e-05,-0.026697777936602343,-0.09194226578621606,0.555749743849031
-0.022346457493096925,-0.05768507903212754,-0.0025840443058548915,-0.02827854900066368,-0.0020178300321723277,-0.018636311770261534,-0.0010907967994978063,-0.020943816222533933,-0.09457648938726418,-0.044907391617978944
-0.02723316997109578,0.059860827565769076,-0.004926201706184067,-0.027654532641362136,8.426635316705067e-05,-0.017577877849166413,0.0019259745947281322,-0.020574743347912507,-0.08717828703011615,0.556096541761324
-0.02313625913811523,0.06288585597980414,-0.0019901229620497563,-0.02912826722000095,0.0,-0.020749065894702243,0.0008789271017343386,-0.019812125904614262,-0.09707204209185043,-0.044528626698105846
-0.025445701912295553,0.06171981125597858,-0.006325117920003051,-0.027296604479264984,-0.0012839489269042114,-0.017216073392208896,0.0007424342223376346,-0.018034955294641927,-0.0941242905089945,-0.0455083483535342
-0.02590369834886039,0.06447183029557467,-0.003666016086182288,-0.028768537045045152,-0.002568568891718099,-0.018478500436146756,0.001996906699035461,-0.020105334831363005,-0.09607114880310683,-0.043799913426542395
-0.023143219857248584,0.06636147644645515,-0.0017570857876230144,-0.029826719888991965,-0.0030967204161177343,-0.01757879976879795,0.0017875906571399314,-0.022293658333665645,-0.09651169540369701,-0.04695624667425118
-0.021304535108362048,-0.056037090807332705,-0.004244632490420286,-0.02801040479167522,-0.003891866269985436,-0.017751461991178295,0.0,-0.019860297736746114,-0.0979659571407026,-0.04482700745637083
-0.02397422190727561,-0.057955835469708714,-0.0030664287252696342,-0.028294931470129698,-0.00201306931737546,-0.020118160971045185,-0.0006941683365730422,-0.018665609783521938,-0.09322927915974712,-0.04600681652201313
-0.022609784916670643,-0.07459094051466308,-0.004200460037505228,-0.029522373931429414,0.0012922133020262794,-0.02062970457566578,0.0019301989545469367,-0.02046862996030768,-0.09805327324908322,-0.04294939803643626
-0.022948954361851133,-0.07199490107160812,-0.004051726839422226,-0.02502415290224664,-0.0007784185260175178,-0.02398325815254869,0.0012374138647719968,-0.02045633808097928,-0.09440691281921527,-0.04747772159318035
-0.02324065089818314,-0.06017031679289723,-0.005526107998776947,-0.0248091915111484,-0.0016634995304444637,-0.02170897244164355,-4.8508453217743774e-05,-0.02005078131187947,-0.08630492963200145,0.5534719747971739
-0.024291835379502528,-0.057673640741351444,-0.004249875371257509,-0.02876491899703369,-0.0012773233195905972,-0.018189131278164454,0.001560191684720047,-0.022668826298022873,-0.0955504286495882,-0.045500679931670694
-0.02441962352246468,-0.05962674507978538,-0.004454500497363814,-0.026596960766374092,-0.00041926065650671474,-0.020444862975670296,-0.0006074529141204974,-0.018488545872170907,-0.09546390197082678,-0.04639984426258662
-0.02269511980751424,-0.05581904089725867,-0.00300378644201614,-0.02918132626582925,0.0005417298878717114,-0.020769870565794737,-0.0016780902678500942,-0.021643664644678488,-0.09658658462014216,-0.046363379720046144
-0.02225487915384318,-0.06024684271464135,-0.001772991794228992,-0.025621067165575162,-0.000847667013097594,-0.02339471922491103,0.001810837303460433,-0.02359373860898216,-0.09471364361065607,-0.04685129422503108
-0.023492447529146403,-0.05683291698429226,-0.0002757358936406823,-0.032417788523953266,-0.0015926571606876094,-0.021657841761248173,0.0013980435445868356,-0.020855193148529898,-0.09482494443308905,-0.04715945069575013
-0.022606306907261415,-0.05724571323755889,-0.002879754885085426,-0.031101651661058344,-0.002528363470515733,-0.020790508271165603,0.0006580597676812405,-0.01997639834482932,-0.09655189669918654,-0.04486775723798814
-0.022475819919887025,-0.07304389963542578,-0.003942811642665055,-0.027655763400592694,-0.0001444196170016232,-0.020673447424577735,-0.0013674219333214596,-0.021304959666441567,-0.09631410704244028,-0.04672235654260042
-0.022442069899560067,-0.0716418475443868,-0.0049656721481791954,-0.029704857817616993,-0.002135358868446513,-0.02046959490573481,-0.0036724618669653525,-0.01696906064559155,-0.0964101030171452,-0.045304676805345896
-0.023278566216976958,-0.07191701036185671,-0.0032052114869292295,-0.027446459868582438,-0.0005098934418230689,-0.021578185532580948,-0.00047041064113867437,-0.021497848376283595,-0.09647850444292115,-0.047424247879440155
-0.025288753798369392,-0.06066247079840352,-0.00641872406047577,-0.024009052469735302,-0.0013990822260042505,-0.021759243451634845,-0.0001694458256448761,-0.02121047263313109,-0.08613847242080257,0.5545248753469886
-0.02158691175971081,-0.05870252386429284,-0.0036419461468330076,-0.02928484778667948,-0.0017478773596320562,-0.018860211172342385,0.0008689328363817861,-0.022774459352167438,-0.09668449199730603,-0.045253945384121995
-0.02154709038041894,-0.05822638127240847,-0.0036898249583917765,-0.03161032874750431,-0.0017183378332500387,-0.018589328525888137,-0.002281780469565846,-0.019212757796724645,-0.09835936844328959,-0.04244872794548892
-0.014087662576671732,0.05922486438845433,-0.005346258321449743,-0.0264647331809872,-0.0017382092989812114,-0.02304638184930787,1.9651126799136165e-05,-0.01931366603322747,-0.08543571527766596,0.5553365267061015
-0.01612312247670562,11.300408904783236,-0.00527362696697655,-0.01646955923072394,-0.0010101149560704157,-0.01887587288561493,0.0003143103202418729,-0.02203513952682519,-0.08645208202223141,0.5529855278541698
-0.01338663737283395,0.611751850113504,-0.004138523134204708,-0.019559151583782644,-0.000420740523964566,-0.015809753862554312,0.0,-0.025394307348680707,-0.09443660552904073,-0.045867385038167945
-0.01272332644759486,0.14013495342305485,-0.002962587670390738,-0.02052080801795846,-0.000804132520715331,-0.016083788480880514,-0.0019544888312348126,-0.024129884026350593,-0.09593486507714703,-0.04461001527613802
-0.015165612458808661,0.609280043860538,-0.006369527755792643,-0.017369380924872075,-0.0006729870838438763,-0.014556406760736376,-0.0005233744494801407,-0.02509985748834079,-0.08465678137958567,0.5561990690143858
-0.015051769688717099,0.28377001054899675,-0.005248894281304992,-0.01919219762162687,-0.0030937453917862508,-0.011840281510565638,0.0006177746927531202,-0.02309065705211,-0.09088973258316829,-0.04797951747222989
-0.013929470811214827,0.13817709281552923,-0.0024975115977352094,-0.0186037432584008,-0.0014802261047322121,-0.011350793520074901,0.002323201975906561,-0.024161410724049762,-0.09719091603108723,-0.04593495204636178
-0.011818646624136106,0.06287214134606287,-0.00529289282143502,-0.01905785599837115,8.633001365240811e-05,-0.013746238631785979,0.0028380292233643133,-0.01752776028296219,-0.09752554200710559,-0.045016409511998125
-0.008712959257159569,-0.05539341931753045,-0.007022175296686475,-0.024138721600010026,0.001653723607334734,-0.008773847913251705,-0.0008888928836005521,-0.01999669706424145,-0.09968834562558827,-0.042038841190861646
-0.01411483284218763,-0.05672796666586601,-0.002315023673285767,-0.02221590692670276,0.0009345656811813319,-0.010473075521976427,0.002171285429782887,-0.019609042179511288,-0.09743322098476968,-0.04526669912319031
-0.01475374645754727,-0.05692986529186591,-0.0019493063635419511,-0.017331482225137043,0.0,-0.012374084561574739,0.0024416873049462606,-0.020204232098570234,-0.09798622771591307,-0.04600586954422275
-0.010907369660139072,-0.07313079494223483,-0.0032827154596349064,-0.018169204267975102,-0.0019114511602052004,-0.012256665688781795,0.0022002575273699088,-0.019203970799336983,-0.0978312568242356,-0.046308232164857625
-0.011989408352621932,-0.07150707555239026,-0.0039192533558620145,-0.019186022360562247,-0.0020261763620522105,-0.010567448305917316,0.0011938662747587037,-0.01657738600299107,-0.0998426036688659,-0.046390504368244954
-0.009560004527609509,-0.07494200735475083,-0.003204442149458335,-0.021932060138326163,-0.0007998706872189005,-0.01093138788114249,0.00191436913788956,-0.022845306848333698,-0.09585674377152009,-0.04266683828737207
-0.01584920872301184,-0.061735865756019685,0.0003562085687557892,-0.021222148135821534,-0.0013755026524087768,-0.00669355047296789,0.0016338061852571668,-0.02069606028495807,-0.09016967018565267,0.5552547914687352
-0.0153691544863617,-0.0571857913041894,-0.002794725458938033,-0.020003500727797992,-6.052312984794472e-05,-0.01068630220860562,0.0032270082773425248,-0.020663193273298124,-0.09519700034258916,-0.04774515919934055
-0.016567924194755085,-0.05505920877410474,-0.004627753163395778,-0.022983173893575775,0.0005141585147095395,-0.010996302072039185,0.0023877481336716786,-0.019670687574317072,-0.09623252716302357,-0.0433718600003915
-0.01703253551911705,-0.05878341783977068,-0.002915192470045619,-0.01920339198245361,-0.0019522928341945758,-0.010127416845920952,0.0013811909403481093,-0.01827110779429489,-0.09451943409112899,-0.04531338427819643
-0.014112064734253946,-0.057665212783931066,-0.00391040854155538,-0.020207613959929056,-0.0015869994379993002,-0.012970603389558851,0.0026269528054195246,-0.017627674766898898,-0.09634062666017941,-0.04506818669435865
-0.017782422603555764,-0.05783499276740964,-0.0028556464594095975,-0.020859632297271755,-0.0005660400840517173,-0.01107548198108236,0.00106723739243747,-0.018699828756602695,-0.09250830971126482,-0.04586529172782287
-0.011227950423115135,-0.057418049221124264,-0.004557866767502137,-0.019717140049730478,0.0002256706378755413,-0.01029185992576566,0.0020413924896452006,-0.02175560457861575,-0.10024895303943271,-0.044135175069925814
-0.01338267027110709,-0.05963122215636009,-0.00386311561451097,-0.018036759198179708,-0.0015422151403904536,-0.011456930173552822,-0.0015348118222104996,-0.0194321514635453,-0.08739279886333329,0.5541382267009324
-0.015027226488225883,-0.05976118082103837,-0.0049778245400474794,-0.020467722192188117,0.00037795615410907146,-0.00818092617445741,0.0020639078361202995,-0.017847331142870505,-0.09797010044653998,-0.04614284012756055
-0.014884160459356173,-0.05700144453780839,-0.00201587455327496,-0.0201026284151818,-0.004287750671793535,-0.012301532895474303,0.0014897039692545189,-0.019780811243183673,-0.09441502449301466,-0.04471293078887498
-0.01513667960533607,-0.0610750863757939,-0.00885285230133535,-0.021995748500972176,-0.0007189451437572744,-0.00572683789535826,0.0011232903217935908,-0.014710535725512047,-0.09630364305016056,-0.04471229270179263
-0.014374720692424587,-0.05785283937939042,-0.0025503033487919184,-0.0192466431006576,-0.0005082079628079961,-0.013481265093481078,0.00011070672837093509,-0.018794694989487597,-0.09571667972813654,-0.04574125135010503
-0.012091919650259417,-0.05834588070719478,-0.004807069039764151,-0.02123862511246825,-0.0011777552214298733,-0.012752648818689502,0.002440422041872614,-0.01793881028003909,-0.09788768405673762,-0.04435660056379763
-0.013592155822409899,-0.05931945951698133,-0.0024042802472396736,-0.020980592460402146,0.00043879840308264084,-0.013130290066817063,0.001651551215714317,-0.018029909778081946,-0.09655930108124199,-0.046178551590263274
-0.012174922113997299,-0.074474181762057,-0.004633770022462035,-0.018016491839855146,-0.0012544002951329445,-0.01135279528789625,0.0015823984644799394,-0.018805694254049973,-0.09710548366306188,-0.04737074732847414
-0.013691431559461148,-0.07442327185862001,-0.0034597023381173976,-0.017463339686128943,-0.003108473264441904,-0.01296366438542985,0.003296000847111513,-0.019181211562520117,-0.0959966009864984,-0.046644934077976596
-0.015971809555623665,-0.06916118419291149,-0.005176640343142155,-0.01914964697482597,0.0025973445450767074,-0.011557046209982384,-0.0017208838050086226,-0.019513172826513603,-0.098093761018452,-0.045919618658357086
-0.012704553494983815,-0.07152259499410524,-0.005568445716218952,-0.024054562881288547,0.004694261921279458,-0.01155129914172472,0.0018691642462774771,-0.02280755434149255,-0.09900898986052273,-0.043038640406565715
-0.015643864078111462,-0.07361592740556813,-0.0029665265742651542,-0.019018085071963238,-0.0008781273253755737,-0.009292427000761232,-0.0005719809022508571,-0.018175248158867036,-0.09516775815621388,-0.048387817675602844
-0.0134626176827156,-0.07419807842791383,-0.0033141887162118767,-0.020460745848571625,0.0009975397321270326,-0.010890665623420797,9.965897584190975e-05,-0.018295359064426066,-0.09748802287583436,-0.04673101775795291
-0.01714236193104522,-0.07368129007890253,0.0005762381169934601,-0.02239346854764973,0.00018444130110795154,-0.012020379873954438,0.0025274704608145297,-0.018830441020416824,-0.09854262554779224,-0.044448251313170255
-0.0108673643113182,-0.06208890102017408,-0.007224057926141584,-0.019019896713472983,-0.001957057466727102,-0.012573494140973753,0.001206102920077834,-0.016334050669882055,-0.086401150565045,0.5541040712000379
-0.011728928720026446,-0.056076466037928006,-0.0024737101350926225,-0.01964525122224508,-0.004542127205799179,-0.013808868064968094,3.885564463457225e-05,-0.017208162509476738,-0.09557876630929646,-0.04377527463297294
-0.011294689253505893,-0.05504483563400418,-0.004240676484286313,-0.02262721779741018,-0.00070814157948828,-0.006658061250701497,0.0009622649955579043,-0.020651004822145214,-0.10094765579052252,-0.04332109278753145
-0.012636976326432072,-0.05590599731952322,-0.0006920036171644934,-0.019182276647141488,-0.0009043299775675317,-0.011046412406528509,0.00018477260838500875,-0.019171080720028117,-0.09858869858183093,-0.04631292417074986
-0.00993012758027196,-0.05901123996443373,-0.0028542485265963045,-0.018269656860608077,-0.004380892386997078,-0.014017609993891208,0.001963966829886865,-0.014752625627685128,-0.09679676468335215,-0.04592954784021797
-0.01628176464988279,-0.05664560870323907,-0.003974804363526358,-0.020072177032013173,0.0006423891464755194,-0.008175518875616473,0.0024049257830692336,-0.0186450234835506,-0.09743110305759194,-0.045525491573625745
-0.014900832420018195,-0.058255443734271245,-0.0054030818975715055,-0.017332795002597063,0.000134601206829843,-0.0073518722426735815,-0.0004552068356127661,-0.017111087428519373,-0.09586908463558083,-0.04695116541617036
-0.01109467862828224,-0.07305956781346125,-0.0012457433569247178,-0.019104593001680478,0.0004205846086823839,-0.008739913055369817,-0.0008599679773096229,-0.01967630316172062,-0.10158328585061366,-0.04425186186905695
-0.011360055443246066,-0.07240339259745414,-0.002423659759589627,-0.020149899188861196,-0.00030280590112872726,-0.010884659694061782,0.0012330265238026383,-0.01920559670667709,-0.09908358233971501,-0.044614800729873096
-0.014566082486061938,-0.07200947646242474,-0.0021554419403947353,-0.017688493686058123,-0.0032585288632190597,-0.010008593408873428,0.0017113652042682892,-0.021158527127221664,-0.09588678848396875,-0.0441749773891511
-0.012625898875813887,-0.07291411461788916,-0.00440621381491273,-0.020325769214014064,-0.00021484048689524027,-0.010720476184204781,0.0033176703231268356,-0.017824712311015067,-0.10061007493297167,-0.042871237781421774
-0.01372919668649512,-0.07079942386717676,-0.002410211396023322,-0.016554399715503317,-0.0014082923936999982,-0.009720973806133779,-0.000508960124342317,-0.019717187886393504,-0.09352976551401473,-0.05081732918794057
-0.013814020979219778,-0.07282981245415139,-0.0032165016349895237,-0.014911097340047417,-0.002388603958610014,-0.010296879524748195,-0.0025129885163101442,-0.018572392496338228,-0.09549803606353761,-0.0451554785693026
-0.012473912116906535,-0.0720594885960936,-0.0016936673223510417,-0.019261977568219776,-0.0012288913667082156,-0.009784642518405611,-0.0005584528910971831,-0.01759375208005742,-0.0961517505926614,-0.04838934857588518
-0.012339543080264758,-0.06066886159506912,-0.003948177075862505,-0.020287069865838725,0.0016811676582617102,-0.011120849492901128,0.0014583242819346531,-0.02113177050319062,-0.08893100888235411,0.557019079659219
-0.015906655745561202,-0.05485548580317836,-0.003084336134216561,-0.022188155866718896,-0.0006768891621970992,-0.0074709001721881794,0.0012077078650466477,-0.019427119137053153,-0.09688647903979608,-0.044346874536009655
-0.012997893802174372,-0.05730282713536502,0.00022033842313762264,-0.02049602136055361,-0.0010833110732186887,-0.009523710465648495,-0.0003162388895144658,-0.021546311006980904,-0.09808009945109651,-0.04252126315021917
-0.013661734536959291,-0.0576241658812259,-0.0018472108107678977,-0.017692525904552583,-0.002903878066846025,-0.01240114163460119,-0.0008103796189578572,-0.017559321586591913,-0.09543322291217889,-0.04372576705273161
-0.0134088646277802,-0.05577526356769732,-0.001592821451870105,-0.0225699876618846,-0.0019292214191085916,-0.009563920091699523,0.0032250304786508033,-0.018221131656750236,-0.09872711783353073,-0.04584038453803546
-0.01152121071011472,-0.05976950128402043,-0.0011343348750565418,-0.022109415349203933,0.0010588865172077577,-0.007761243716690424,-0.0011975353273223056,-0.019602621435290346,-0.09798173926921896,-0.04451297910440785
-0.012825023320469097,-0.05783216568196259,-0.00615776749990001,-0.0176041860044391,0.0009765439136297238,-0.010269995639650524,0.0010546692410427299,-0.021517753187385594,-0.09704563800170242,-0.043401493220766134
-0.011987263580611815,-0.0749995121436067,-0.003954214343930907,-0.017867826841042315,-0.001169287065243275,-0.011826304084113693,0.004811334224336883,-0.016533507254085793,-0.1006843847082682,-0.04609477010981802
-0.016320127784605225,-0.05993559752120504,-0.0024756205127114636,-0.01846191392697059,-0.002212686432196007,-0.00740051041883439,0.00037255359983295877,-0.019637381057473775,-0.08851032437667783,0.5554526253238539
-0.010471428588254896,-0.05877577151205078,-0.002233150356594135,-0.01962267306109554,-0.0007668788419763967,-0.011095473566334403,0.0029134830257147026,-0.019839097729075265,-0.09868702746314376,-0.04552600733995516
-0.010493168795913223,-0.05975646011547473,-0.0044223166490327676,-0.02130186927544132,-0.0009595050974674502,-0.007378316171464431,0.003332183317534521,-0.01738255659610222,-0.09862045748354827,-0.04624058902414676
-0.010372933284711375,-0.05959974450482087,-0.0025256710112775333,-0.020323997616935773,-0.002598430832395376,-0.008875133300718646,-0.0015034183723898198,-0.014443632837864429,-0.10025906364501619,-0.04270988636937849
-0.01296632178055656,-0.05986079986241683,0.00110943152363011,-0.018276540011751673,-0.0022224365103445955,-0.012929971016224468,0.0011404800927135028,-0.016753821140648714,-0.10020962416889312,-0.042231300397454506
-0.011020828355932271,-0.05435299497078516,0.0005001403094561782,-0.021127030032635923,-0.0023813263277549317,-0.01080208907087167,0.00026103492771245573,-0.01893756121250687,-0.09845640398195563,-0.046873755256284
-0.01091981197819696,-0.05768295652338934,-0.0010761961285429339,-0.020886507177969797,-0.0011076043367591725,-0.009806955713777135,0.0012202411833317495,-0.01792586625774807,-0.09945111876460905,-0.0455458505545937
-0.01534411464855552,-0.07347641344302977,-0.0032285350373565595,-0.016072492202553045,-0.0024966673236317856,-0.009622489127146321,0.001516309799300286,-0.02008512731164104,-0.09372481248185707,-0.046347736920625555
-0.011865196079203812,-0.07450592749802845,-0.0013936515249380992,-0.017107108491778635,-0.0037849226349414384,-0.012557347373713628,0.003567626865687179,-0.01699551205919201,-0.09993108025087696,-0.04430911740146422
-0.01434276364798069,-0.07342792266617384,-0.0034835061077490423,-0.018771480951885126,-0.00036207558638595174,-0.011257623505310833,0.00223222421218644,-0.016927771234600427,-0.09922896412804713,-0.04331250233960901
-0.008170104748080229,-0.07500668102718452,-0.0034082458111327966,-0.017632470372896336,-0.0027180142918949352,-0.00982248161604376,0.0009011919709352445,-0.018605916773601676,-0.09988583745630726,-0.044533993487965065
-0.01182478623664142,-0.07265842631322651,-0.004492376205038398,-0.01795838949130686,0.002182445851471926,-0.012310271276334939,-0.00020426004729458746,-0.017250548733512717,-0.09849335665193179,-0.045872765071904346
-0.015444781399481954,-0.07095963035599054,-0.003794222775887378,-0.01533393554995659,-0.001454753502366622,-0.01215136002380832,-0.0007127221961276131,-0.018236309206108435,-0.09167440865971449,-0.049120804272749743
-0.011465150013426847,-0.073279669311574,-0.004665927147701511,-0.013960131482595268,-0.00389207901255602,-0.011308377622042468,-0.00019299620475593526,-0.018543690970770934,-0.09479212504502388,-0.046782951182275496
-0.01238583806467659,-0.07331445768030188,-0.0027273122167905915,-0.01865256228614047,0.001585754017857266,-0.009873467448841747,0.002338458850839883,-0.019218253410295993,-0.09722927765620303,-0.04940630825120452
-0.01308458778369286,-0.07342269245794011,-0.0032351170302389433,-0.017961634737830703,-0.002498016403300153,-0.009728866476380976,0.0037900820636720955,-0.01964555190946684,-0.09710767638714153,-0.04598936707574986
-0.011595577440141058,-0.07201721337997058,-0.005189401517790347,-0.02062163512965763,-0.0016438807902299161,-0.009868133928688325,0.0031832053156922724,-0.01687325033445715,-0.09841033859421873,-0.045847363124396294
-0.012939234945412643,-0.07274710654357018,-0.0031783254492242035,-0.017185661546536585,-0.0010354907351133806,-0.011268167229305435,0.0010706081184587712,-0.01827884811588497,-0.09756535779266182,-0.04575617030387431
-0.014019432141973856,-0.07309188015714248,-0.0031852562123297866,-0.02083275688621827,-0.0018713974502027081,-0.00599366768393482,0.002274276568976219,-0.019513285418205756,-0.09880692618293657,-0.04384360950437857
-0.011144769953862767,-0.07313919193297289,-0.003429391394688329,-0.020554481052387327,-0.0002938870260961917,-0.01204083066142144,0.0034339398161663537,-0.018303762058422754,-0.09719145927891193,-0.04622029657510337
-0.0129110065159721,-0.07413749682093389,-0.0040854110766546225,-0.01767097123469021,0.001262119861196509,-0.010396258030771354,0.0027103725148177496,-0.019179175375333313,-0.0992103876460822,-0.045266087038482714
-0.010660535542129338,-0.07215338315591224,-0.0011629960463358567,-0.020219515185508463,-0.0022212803636352534,-0.010324878406971112,0.000532498986033747,-0.01968374987864379,-0.1006505066020203,-0.0423400731083683
-0.013762071519017123,-0.07317914952946306,-0.0031235969731706137,-0.01738599557293972,-0.0011918799252900567,-0.008977218843646915,0.0012175566136998772,-0.017117949749498113,-0.0991530832336665,-0.04621114974497481
-0.012107392295727545,-0.07291262695997863,-0.002225116479754836,-0.015048588322989392,-0.003122165372419989,-0.01180235852752688,0.0024808370711958405,-0.019014686388899825,-0.09907776147058654,-0.04605481136119957
-0.014793628609737066,-0.07149351716162332,-0.0035063453151482223,-0.01766566992153668,0.00026740708554218173,-0.011192986529222109,-0.00041202636569802786,-0.01777429124757384,-0.09424083327037625,-0.04807290638859117
-0.011658226448765192,-0.07286949528610932,-0.0034965915650967613,-0.02031069356451773,-0.000479017512482971,-0.009749354075933622,-0.0007821948423933239,-0.015406673226645302,-0.10022577128923647,-0.04390693350987513
-0.010629046918157189,-0.0746234935012428,-0.0018007394260157092,-0.019423802721475477,-0.0006029902179075508,-0.013063984177729327,0.0029133891096631667,-0.017769828960525612,-0.10220262151630162,-0.04169889399973768
-0.016244384086875945,-0.07444914339952215,-0.0004767464599742671,-0.018431220480439013,9.506065071979153e-05,-0.011738958987703016,0.004644936571638178,-0.019342946123184976,-0.09656932280692432,-0.046392712014922684
-0.010336514928153689,-0.07521827011677673,-0.001176035235500781,-0.01759407334318005,0.0005089257602148844,-0.011133156033592821,0.0015751971481547597,-0.020871874928277457,-0.09981460227256235,-0.04484749003348394
-0.009499094841117925,-0.0708862400235177,-0.004822194095029148,-0.020920195639865004,0.0016663737428696535,-0.010865127626025938,-0.0005700806068890193,-0.021586779460296877,-0.09948389430036488,-0.041940365086415916
-0.012124745715104704,-0.07156866950358683,-0.006965991423860974,-0.017586217546779144,0.0009699786327297955,-0.009508261379486337,0.0032892927167075398,-0.02114766095684186,-0.0963279254130471,-0.04793434726207267
-0.013555097463643969,-0.07181815319932991,-0.0056796858687541895,-0.016666627932204765,-0.001524648394242439,-0.009098306898556294,0.0006094167972138798,-0.018559180312638507,-0.09761019830604264,-0.04499528581923457
-0.013253469756390265,-0.07233790005223628,-0.0026158663543298464,-0.019912572713989694,0.0025622730603136468,-0.011824054603525307,-0.00037910309453514804,-0.019104041549160216,-0.09681165722074957,-0.045200905143048385
-0.011873645539465565,-0.07080660316206955,-0.0010626258733115734,-0.01757610685011748,-0.0019570076733844725,-0.007788705554884281,-0.0015428213384850533,-0.019182998569835935,-0.10046722890503477,-0.046619697359950946
-0.01301969902632888,-0.07657259159027907,-0.003238399121617241,-0.01807368462982546,0.0011394022037739537,-0.006613348239424024,0.0014400013044827088,-0.01944579177576633,-0.09803999154889101,-0.04645349276811002
-0.012787455207174765,-0.07421641032680659,-0.004875864257597123,-0.015628274226448278,0.0013720252455008408,-0.010559137843685734,0.002082526567443283,-0.02224555545263217,-0.09412706741383431,-0.04789253427183142
-0.011566378037257552,-0.07332950221670671,-0.005191241252345244,-0.020544325467437785,-0.0024378000741749357,-0.006286597695741196,0.0022175404132853682,-0.017872634701144002,-0.09825394862815884,-0.04561302900841568
-0.013170915261837718,-0.07499810277585268,-0.003495331020036109,-0.018405312426682727,-0.0035141806583500732,-0.01169061915381999,0.00495697482399865,-0.017520591388128177,-0.09624006457697228,-0.044799961842803
-0.012582606413265363,-0.07179615452763759,-0.0012673727145605207,-0.018280777301871668,-0.006760073120314627,-0.010099559486047646,0.0022255282530119214,-0.017737534672721753,-0.09772834958613429,-0.04485138954407018
-0.010040746919280136,-0.07431362412279029,-0.0055583375179143356,-0.017726515397873906,-0.000809653887647285,-0.012251943195405662,0.0016314368036708382,-0.01676750470989347,-0.09641769363471381,-0.0466238935965689
-0.010828370479274593,-0.0734642542677484,-0.0024619343244285563,-0.020455270973260886,-0.0019903900822162302,-0.010428401961769902,0.0004407296953501394,-0.015437301189904006,-0.09857151156895622,-0.04568195622444496
-0.008372604500287506,-0.07271377478844375,-0.005074819629327932,-0.019345751334845143,-0.0035691430106056738,-0.010465723430352849,0.0019476213998348424,-0.018454553901931015,-0.09833566849381427,-0.04449439402514295
-0.010826636544177808,-0.0720139477608399,-0.0032362864924017657,-0.01762514703025666,-0.0007168782888735946,-0.013734439892766325,0.0011064122423221079,-0.019356349449725797,-0.09778810751140403,-0.04468756341993856
-0.008815848893602964,-0.07000077249030505,0.0006012201094759972,-0.019946054848171454,-0.0003606124828174924,-0.011481158533309404,0.0013277232134647668,-0.020773815235355837,-0.10262830094271554,-0.04680145479822273
-0.011754457772293437,-0.07241766654512737,-0.003342849750350619,-0.015632942505433983,-0.004223508412090155,-0.010603391731501145,0.0012928616981302543,-0.0188732531534377,-0.0954450048950325,-0.04787894097230378
-0.013369444049138446,-0.07217463235423555,-0.0006617352111268787,-0.019051037230013997,-0.0005691331458824333,-0.013994388905753536,0.0006719293638695056,-0.01671597954872122,-0.0966333001503006,-0.046381518259527264
-0.007499019207132486,-0.06638017531506357,-0.009091851282724666,-0.017153685523455014,-0.0030955667582119074,-0.008494323802733551,-0.0009702673541925888,-0.02075264003560506,-0.09902475888887256,-0.046417066018167794
-0.014160276349655915,-0.07280495414204095,0.0015793307563112698,-0.018521369621185307,-0.0015920753200425607,-0.009973925951264142,0.00034871865252023015,-0.02164481179931728,-0.09819184488496512,-0.043918290408402165
-0.012515492676837055,-0.07244761468046343,-0.0030876423561851728,-0.017702997134736595,-0.0022309836189011696,-0.011221009690316877,0.0016066412778835137,-0.01962179865966728,-0.09787245895975785,-0.043786294066628755
-0.013756650255395008,-0.07506731730398385,-0.001338076271200655,-0.015589899453482024,-0.0005719747483196526,-0.011794306927219065,0.00022004869380193304,-0.017636780930290894,-0.0970075345483277,-0.04633733786540686
-0.009940419451752044,-0.07323173292042853,-0.0048002259844935604,-0.016232902073790603,-0.0019798125186777514,-0.010318889568390721,0.0012573406782266372,-0.0190434097887419,-0.10006349987871443,-0.04452647326407792
-0.011902519841587578,-0.07049800407055704,-0.0038191202694400355,-0.019666227153453595,-0.0019608599851105436,-0.008842316478119212,0.001842291005590635,-0.01957575549962409,-0.09826188784957784,-0.04619578014538493
-0.014349538790472191,-0.07288003127598244,-0.0022298147563829334,-0.019298787120338428,-5.342278734676853e-05,-0.00821420115058192,-0.00017735604089525313,-0.018177921058852523,-0.09913252776444506,-0.044366729946195234
-0.009306052576954396,-0.07121295342834884,-0.005359280137061583,-0.020802002080732497,-0.004331040872062253,-0.011080371107874663,0.0019102494029397676,-0.015129274438357165,-0.09853405815314238,-0.04503569565795907
-0.009615287028095743,-0.07283822962973718,-0.006005849675427731,-0.01965765613118401,-0.003997732525870949,-0.009662817388192127,0.004745911373130518,-0.01946539180381493,-0.09914457602774329,-0.04323899697819186
-0.010846889459195189,-0.07120883430691642,-0.0013312736583606655,-0.017756383912722093,-0.0031297422060551096,-0.013848722794547554,-0.0031315192090153664,-0.014850555785614079,-0.09872866892313585,-0.044048177528015854
-0.01169363333564834,-0.0749872719304002,-0.004333593689385097,-0.019268507194137103,-0.0025772240279061578,-0.011047044982412659,0.0024506756033956245,-0.017953524252290423,-0.09739846461835712,-0.04207233144680874
-0.012084466607681234,-0.07214839348006832,-0.0027821695922406863,-0.020032787765111887,-0.0014493401290545877,-0.009526253422374457,0.0018818405642431202,-0.01722561057100047,-0.10114101650614614,-0.044380358672154015
-0.011082890850002384,-0.07167659317128086,-0.006063347492781841,-0.018299758855459286,0.0014606681837733282,-0.011379214754955295,0.001255690297858694,-0.01814055519453156,-0.09763046215549537,-0.047333758575417426
-0.01065482086730616,-0.0733436189881599,-0.007899633438184691,-0.016216334817460147,-0.00033531170382099614,-0.010579880449730166,0.0017738934006050755,-0.022040776088692846,-0.09505964343882307,-0.0445353716553306
-0.01081714410124549,-0.07434500599569012,-0.0013074557731381324,-0.021210584658267292,0.00014367498343514917,-0.010644518439921369,0.003211303108363776,-0.019634838883055915,-0.09880297006227466,-0.04548386453676363
-0.013495439517785791,-0.07386538323770564,-0.004278089132331791,-0.018898620904277325,-0.00040177988055800705,-0.010105816373165447,0.0023849471455592575,-0.01976276330653634,-0.09378674948093582,-0.046680247897186646
-0.013653965520320775,-0.07268500723550012,-0.0004531227709750875,-0.017131187311841125,-0.0025666088784408437,-0.011314213533903668,0.0004426419694498751,-0.019657663693079495,-0.09695311309052841,-0.04491439057129969
-0.013773355784200969,-0.0724399360901582,-0.004579045696373946,-0.01695055505074709,-0.0008001916512813873,-0.011691175968666895,0.0009808012686129963,-0.017603058983407027,-0.0985231712982271,-0.04349764825468111
-0.014741102297998807,-0.07409635947825645,-0.001996352350987439,-0.017584127570522766,-0.0017711767337937987,-0.009573889138224672,0.002217700334881334,-0.0190326514871628,-0.09841699033439438,-0.04388251881746063
-0.012915925392204123,-0.07256162567230602,-0.003384552151681618,-0.01790440111699207,0.0009513887028396173,-0.012992153399595356,-0.00025585637712936387,-0.018606974148885475,-0.09827862309387238,-0.04292888354753943
-0.012188562413323506,-0.07271102109764889,-0.004622117153533783,-0.021522628741903447,-0.0033166357468718526,-0.011429836751655719,0.004445407319833006,-0.01883091927537293,-0.09901022352239772,-0.039691185653644254
-0.013464649571336338,-0.07415555995498466,-0.006463429875171036,-0.017060706009898063,0.0003819320119928249,-0.010334735355278634,0.0011573296257716397,-0.015990645428459488,-0.096323786466757,-0.04662357666229091
-0.0120769006666192,-0.07060619724124909,-0.0016549029120336515,-0.01862198202776183,-0.001895066970085395,-0.010210553728285696,0.00024142848005215267,-0.02105747158833776,-0.09883853076536853,-0.04415775455769736
-0.009295344360909667,-0.07026883556478421,-0.008083815824616201,-0.020922190700647582,0.0014884102026460622,-0.009970285455892432,0.003383491533452164,-0.019142384730697803,-0.09974110820179106,-0.04632597719604666
-0.011805286139133748,-0.07223438166038282,-0.0031182314415389408,-0.01900331373993067,0.0016168774859621861,-0.014352445779048699,5.509769929679109e-05,-0.016408390894807806,-0.09925079123298644,-0.044377305202258716
-0.011597666114633517,-0.07524978038222796,-0.0012389448109068706,-0.018767823705245785,8.429556945949157e-05,-0.00986638878194239,0.003042633761933857,-0.02029772987431946,-0.10078451669981686,-0.04420234640947281
-0.012196500071769452,-0.07276267033312862,-0.007069151526077057,-0.01747516757401923,0.00016635336525175945,-0.012133002426165657,0.0032145287565016334,-0.019508061372811386,-0.09679124330444656,-0.04432348025206921
-0.009521906447953754,-0.07538522201357448,0.0003921029215910865,-0.019745637314749192,-0.0003561421218381244,-0.008446020435422981,-0.001475845996706718,-0.019874719715458573,-0.09962980411055926,-0.04483533993617774
-0.012906057358170884,-0.07432431601171019,-0.0034164270612486248,-0.018513501770301633,-0.0006274148723037776,-0.011929839788819667,0.0021168689247554116,-0.01776462366630541,-0.09776632952547058,-0.043747043530248206
-0.009271752975909202,-0.07374164987235442,-0.006160111718571254,-0.015223377587796454,-0.001185589420803712,-0.011514545673089278,-0.0037922098159389787,-0.012860141093683745,-0.1020411670328045,-0.043088295705489
-0.010990537843088078,-0.07363003828260822,-0.0034895517665918994,-0.017785210774871153,-0.0025817366600255367,-0.009578304196494558,-0.0018562995522484749,-0.016304386856230695,-0.09931915616026968,-0.043343741705715866
-0.013472132277179166,-0.07173648113607413,-0.0015963441619543236,-0.019924964313134196,-0.0014628034552078434,-0.00961458145347789,0.0014790123671520328,-0.017670974859107427,-0.10012604572440174,-0.044753795433815156
-0.011570719016751368,-0.07278742499070978,-0.004816967336538673,-0.0205256435228579,0.0001078769692090531,-0.009788368930196122,0.003498829036879299,-0.02133260638346175,-0.09908492216629952,-0.042579281868323965
-0.010814591406123715,-0.07215884238293052,-0.004750868875537902,-0.020339757358767804,0.001631840657753725,-0.009924712705143944,-3.541805756412941e-05,-0.018225663212475072,-0.09864125639505784,-0.04562005226751616
-0.013633579583281872,-0.0694840034015647,-0.0032661218770291284,-0.018834696712802645,-0.0019520603111293777,-0.0080016976882537,-0.0026350780270290217,-0.017407425792147664,-0.09712500721033503,-0.04653974282150098
-0.011644222381867544,-0.07279445024325291,-0.003513083254841796,-0.017505764040193578,-0.002343805159008767,-0.011601128560314377,0.0025012602567919817,-0.021668833857044274,-0.09655875110630482,-0.04375074271408386
-0.012801413979554836,-0.07153552432599197,-0.0021400519281516545,-0.01716891789785476,0.0,-0.013408548606809548,0.001779710034938653,-0.018333834862034142,-0.09608668543511287,-0.0491843826558617
-0.008813671695378058,-0.07248118822000589,-0.0037615732178004776,-0.019925223130488022,-0.001535990947815445,-0.010241830335806907,-0.0008542157764994673,-0.01999221644802396,-0.09966274568002433,-0.04161110524198435
-0.014529380141593861,-0.07502811572187702,-0.00283001947721838,-0.018015963266435342,-0.0037535817483960953,-0.007808177472439807,0.0014709948686763563,-0.015988495209654195,-0.09673961683220059,-0.045657550302936944
-0.010915035991619292,-0.07366522263397715,-0.007516623127167072,-0.022206432954859207,0.0005812352818589939,-0.00909722779812269,-0.0005354599840368727,-0.016686351970125565,-0.09570648825037928,-0.0431324469760975
-0.01300724539298598,-0.07332137415627138,-0.0020464817314222667,-0.01720181945228152,-0.0014668922330980706,-0.009366655581723794,-0.0002452121450399747,-0.01983068677118478,-0.0994915976030786,-0.042902229085400825
-0.012233031077487086,-0.07671397019644173,-0.0016008453601646859,-0.020149829099099285,0.0011461868860344615,-0.010777605228825135,0.003084249552421488,-0.01838656117304731,-0.09953199430532708,-0.043716927530287344
-0.011738417932053873,-0.07530312109392942,-0.005137300459990575,-0.02089550545426672,0.002191386429581734,-0.01041913552394278,0.0003369114074765478,-0.01654684123055144,-0.09674023772598392,-0.04463487995670251
-0.01412498680907385,-0.07432756669653418,-0.0016720424808582327,-0.018789282040542536,0.0005237863656565221,-0.011432867742203263,0.0004284062251736498,-0.01569230219083803,-0.10084715090200252,-0.042954616488829506
-0.013263091620484472,-0.07238810343529241,-0.0028029263588704597,-0.01896906696396629,-0.0009622490771033263,-0.008693694164367096,0.0011364424106417026,-0.018531074305402774,-0.09596049857325677,-0.048455490400850516
-0.010031842910709863,-0.07305133011869909,-0.004173838307962308,-0.016587759236664043,-0.0012296259660721106,-0.01048540875018613,-0.000756481372179818,-0.016935760653719913,-0.10140349737233498,-0.044234124313759324
-0.011725320677410153,-0.0725603514550889,-0.005004258840563662,-0.01737669190584965,-0.00042331421120562167,-0.007873879685135438,0.001177649757447663,-0.01702929617638588,-0.0988700432450455,-0.04920286225806634
-0.01195704949789474,-0.07190821752511613,-0.002620807821729989,-0.018200337869221133,-0.002102559705969561,-0.010441965774584294,0.0025720815077211467,-0.018457225769139045,-0.10108461619270115,-0.04468472339664126
-0.013958307714469011,-0.0717631729146578,-0.004458986139260489,-0.01706425344522409,0.0024336502385989326,-0.013486170198997319,0.0018370937986364466,-0.017110592784778684,-0.09660254612152931,-0.04870379163073662
-0.015178367298896413,-0.07126355950021014,-0.0025352643614475197,-0.015679486712299923,-0.0024075076076222383,-0.00957950114268895,-0.0009726982371709991,-0.01914489497284709,-0.09707650825321222,-0.045039412019516
-0.01454187303315637,-0.06988515973098061,-0.0021265365682144543,-0.02136412782518294,-0.0006616190772911262,-0.01142405715492835,0.003503710362421031,-0.018384778927333104,-0.09644212290581239,-0.04755076486835536
-0.014715031065234757,-0.07133911518200362,-0.0032592107511894607,-0.016811947706151163,-0.0033695317062512565,-0.010823233124631862,0.0012240639896407557,-0.01707824333449482,-0.09680638539676875,-0.04589883200764403
-0.01418750988882737,-0.07203682899340487,-0.0035160786649532697,-0.018291328040314875,-0.00202993345081411,-0.008823673028017003,0.00440874133397734,-0.02287464727917013,-0.09609865083567454,-0.04542768671390729
-0.013911418824485152,-0.07123027798005889,-0.003239381397020372,-0.018169634735184095,-0.00118886105565678,-0.010665168506970347,0.004910998053792581,-0.018781965579458892,-0.09855371554624365,-0.04804829672795443
-0.012801354946999133,-0.07296462231062922,-0.0032672953384754347,-0.01931913799040101,-0.00033037634275595584,-0.009164283085752626,0.004177447278063766,-0.019382967511127933,-0.09758207723088107,-0.048243181964480346
-0.011726579609800189,-0.07502429182564846,-0.0023418087251405196,-0.019030696277923795,-0.0009463579566371501,-0.012382141302908191,0.001560020362667891,-0.016666475580927997,-0.1010598971476246,-0.041259749830235656
-0.013642947094883544,-0.07359204339945141,-0.005318839210279898,-0.01729735643512543,-0.0018910286069938162,-0.007535767525547928,0.0023871656976596767,-0.01978189153363329,-0.09738869696083631,-0.044816688212131486
-0.011302980643271014,-0.0718724376156385,-0.002959363656657092,-0.019927578824420457,0.00225870455728103,-0.010991028102926478,0.00023260158334820202,-0.01878102615376595,-0.10043722387344327,-0.045097866802668765
-0.011813398757391699,-0.07377690299351339,-0.001463494467575821,-0.021692196709239008,0.002523589799813558,-0.01033586599326725,0.0026440020472674663,-0.02207917030946633,-0.09975949508813735,-0.043125372167129916
-0.011347360175915743,-0.07402729232393274,-0.004338692204592965,-0.015403772563581586,-0.001280956626856597,-0.012978884001057936,0.0005479706140671392,-0.016556457462338886,-0.09717996256132683,-0.046312999950586166
-0.014197455534714973,-0.07128347282533676,-0.003775464106633628,-0.019045305361956835,-0.0008297219440038544,-0.009960874711603458,0.0010750590734136534,-0.019497808695969784,-0.10022300705623963,-0.041140458156009786
-0.010821189509560953,-0.07322502179603355,-0.0048969788908425,-0.02061669874437076,0.0006082012305739584,-0.008293449668214327,0.0011009672313704866,-0.01862125530784275,-0.10070636361616525,-0.04340683325699033
-0.01114323008642516,-0.07484284494173662,-0.006888371665373251,-0.01982169603414241,0.001732011097513475,-0.009650730010039518,-0.00208332690979995,-0.014574663314957477,-0.09786291378593483,-0.04374298263287468
-0.013395670035046891,-0.07275544656356195,-0.0019329735209989763,-0.017577291167711586,-0.0034189670613245134,-0.010431836288582874,-0.000990569931928309,-0.016748618741970242,-0.09530037646066128,-0.046327126635441356
-0.011508906641685369,-0.06931302170707561,-0.0033428796008244705,-0.020518316583038026,0.0005566971109064456,-0.01295798144845964,-0.00033014063086116884,-0.018260535401932575,-0.09795454834978316,-0.04524937230434163
-0.011585835408687649,-0.07147620582610323,-0.004724946848541976,-0.017209555188035457,-0.0038825978241482932,-0.011285578872386532,0.0009407884496667185,-0.019298388654155396,-0.09444426196243182,-0.04591255280100097
