balance,zero_activity_freq,ratio,cumulativeincome,lag_balance,lag_cumulativeincome,rolling_mean_balance,rolling_mean_cumulativeincome,rolling_std_cumulativeincome,has_trigger
-0.003402646165341139,0.016734056174755096,-0.025547010824084282,-0.003370376769453287,-0.0031125464010983706,-0.0036405541468411684,-0.003110338468104601,-0.0018168448004871607,-0.010065431706607342,-0.0010214467765763402
-0.005735855549573898,0.012410512194037437,-0.04233664646744728,-0.008814194239675999,-0.00468581123277545,-0.014249797910451889,-0.0052893334068357944,-0.006312508136034012,-0.01948390156030655,-0.0011239148443564773
-0.011363609693944454,0.02289191260933876,-0.07062127441167831,-0.021545205265283585,-0.008494068868458271,-0.024398300796747208,-0.009216428734362125,-0.011694470420479774,-0.02164120227098465,-0.00668986514210701
-0.014487050473690033,0.057391028851270676,-0.07129812985658646,-0.010198691859841347,-0.008439370431005955,-0.009467673487961292,-0.01179515477269888,-0.007248076144605875,-0.023041240870952606,-0.016615858301520348
-0.010970460250973701,0.009481136687099934,-0.05145544558763504,-0.01817014440894127,-0.006635145749896765,-0.014631073921918869,-0.008654152043163776,-0.008813565596938133,-0.025943301618099213,-0.0005828748107887805
-0.014666246250271797,0.033805444836616516,-0.06769035011529922,-0.022015733644366264,-0.00975416786968708,-0.027888722717761993,-0.012978136539459229,-0.0141981840133667,-0.0411093570291996,-2.414709115328151e-06
-0.014943216927349567,0.08852656185626984,-0.0721079558134079,-0.01937086135149002,-0.010238146409392357,-0.018777377903461456,-0.01001882553100586,-0.009759766981005669,-0.02895691804587841,-0.024419154971837997
-0.007984194904565811,0.011316868476569653,-0.03805366903543472,-0.01288640033453703,-0.005584152415394783,-0.010872512124478817,-0.006699230056256056,-0.005089204292744398,-0.005762557499110699,-1.1339971933921333e-05
-0.012178420089185238,0.01528855413198471,-0.052942145615816116,-0.012622462585568428,-0.008563484065234661,-0.012178859673440456,-0.009713595733046532,-0.0059033604338765144,-0.014819619245827198,-0.0013093287125229836
-0.014239276759326458,0.022890493273735046,-0.07556851953268051,-0.017739806324243546,-0.008683568798005581,-0.015710845589637756,-0.011786950752139091,-0.009529968723654747,-0.006898713763803244,-0.06173637881875038
-0.010482546873390675,0.008576729334890842,-0.07729814946651459,-0.01320566888898611,-0.006603152025490999,-0.01350598968565464,-0.008632746525108814,-0.008240332826972008,-0.02600223757326603,-7.610594911966473e-05
-0.015921244397759438,0.022863199934363365,-0.08388416469097137,-0.01833086460828781,-0.010764876380562782,-0.018215125426650047,-0.012153994292020798,-0.008390996605157852,-0.006394912023097277,-0.00014386391558218747
-0.013618133030831814,0.01616167463362217,-0.09756997227668762,-0.009527772665023804,-0.009924831800162792,-0.015265868045389652,-0.011187335476279259,-0.006138604134321213,-0.015028745867311954,-0.03000284731388092
-0.01016490813344717,0.021447163075208664,-0.07305411249399185,-0.013174341060221195,-0.007369160186499357,-0.01212017796933651,-0.00874349195510149,-0.006428757216781378,-0.020312316715717316,-0.002125851111486554
-0.008534291759133339,0.022460943087935448,-0.04041794314980507,-0.013111229054629803,-0.005994684062898159,-0.011509183794260025,-0.007449883036315441,-0.005708430893719196,-0.010639787651598454,-0.07365654408931732
-0.012618068605661392,0.010638521052896976,-0.08176831901073456,-0.02760205790400505,-0.00895419716835022,-0.03226565942168236,-0.011172243393957615,-0.016678746789693832,-0.011207673698663712,-0.0025043576024472713
-0.010223343037068844,0.008516623638570309,-0.05367206037044525,-0.01841505616903305,-0.007576517295092344,-0.01849009096622467,-0.008907824754714966,-0.009232916869223118,-0.02734231762588024,-0.061391666531562805
-0.010962191969156265,0.011249031871557236,-0.06649313122034073,-0.02717926725745201,-0.008044158108532429,-0.030518222600221634,-0.010411398485302925,-0.01785927452147007,-0.026904556900262833,-1.5252710909408052e-05
-0.006777288857847452,0.013765458017587662,-0.04436530917882919,-0.007159963250160217,-0.004925604909658432,-0.006758569274097681,-0.0044057779014110565,-0.003378939349204302,-0.0037990491837263107,-0.06182732433080673
-0.006699373014271259,0.015785271301865578,-0.039189741015434265,-0.01465783640742302,-0.00468938983976841,-0.011963954195380211,-0.005776171572506428,-0.005940192379057407,-0.007901167497038841,-2.4379963292631146e-07
-0.00832433719187975,0.011637227609753609,-0.05989382416009903,-0.009790872223675251,-0.005483999382704496,-0.02397041954100132,-0.007299376651644707,-0.012028247117996216,-0.0227619931101799,-0.0061189341358840466
-0.013492325320839882,0.010801848955452442,-0.07546133548021317,-0.020854294300079346,-0.009057735092937946,-0.03488648310303688,-0.011970914900302887,-0.016891958191990852,-0.02300144173204899,0.0
-0.009268751367926598,0.026555825024843216,-0.05758840963244438,-0.00949376355856657,-0.005670094862580299,-0.01509687677025795,-0.007378207053989172,-0.00913968589156866,-0.025848831981420517,-0.001081835012882948
-0.011068092659115791,0.03592347353696823,-0.05432447791099548,-0.01505024079233408,-0.007410687394440174,-0.013797938823699951,-0.007418225519359112,-0.006528152152895927,-0.018696224316954613,-4.637515303329565e-06
-0.009217171929776669,0.012690257281064987,-0.05472753196954727,-0.011863473802804947,-0.005303272046148777,-0.012537640519440174,-0.00639845198020339,-0.009410886093974113,-0.023568548262119293,-4.523477059592551e-08
-0.006861874368041754,0.0895623117685318,-0.03715931996703148,-0.01016252487897873,-0.0038857695180922747,-0.008290253579616547,-0.006341887172311544,-0.007105775643140078,-0.006016262806952,-0.09444806724786758
-0.010550985112786293,0.028902145102620125,-0.053385958075523376,-0.013570397160947323,-0.006512232590466738,-0.011404857970774174,-0.008113840594887733,-0.005879153497517109,-0.00918667484074831,-0.04259797930717468
-0.016085634008049965,0.02447296306490898,-0.0749712735414505,-0.026586685329675674,-0.010421612299978733,-0.025253959000110626,-0.012562419287860394,-0.013574867509305477,-0.011514625512063503,-0.027564480900764465
-0.0066864974796772,0.015763310715556145,-0.0462469719350338,-0.011290674097836018,-0.004463823512196541,-0.011094735935330391,-0.005143733229488134,-0.005593335721641779,-0.007855520583689213,-0.0002925679727923125
-0.00981153454631567,0.01398291066288948,-0.05813196301460266,-0.006793305277824402,-0.007224493660032749,-0.007243056315928698,-0.0076750353910028934,-0.004385342355817556,-0.012814601883292198,-0.04757818207144737
-0.0036952344235032797,0.02127554826438427,-0.03010106272995472,-0.008190400898456573,-0.0023726201616227627,-0.009567897766828537,-0.0031275725923478603,-0.004398951306939125,-0.01677834615111351,-0.009168557822704315
-0.010765955783426762,0.011083965189754963,-0.04831106588244438,-0.026061322540044785,-0.007397543638944626,-0.02557028830051422,-0.008989712223410606,-0.012605559080839157,-0.016163866966962814,-0.0750056728720665
-0.008261722512543201,0.022191515192389488,-0.046003054827451706,-0.008104382082819939,-0.006083053536713123,-0.008138967677950859,-0.00726010836660862,-0.005768443923443556,-0.0186068806797266,-0.04832356795668602
-0.004297270905226469,0.007413900922983885,-0.02890467830002308,-0.006134322844445705,-0.0033908106852322817,-0.004807958845049143,-0.003118561813607812,-0.002423439407721162,-0.005691239144653082,-0.0024292664602398872
-0.008419039659202099,0.008004968985915184,-0.047182388603687286,-0.01135147176682949,-0.005397124215960503,-0.009850241243839264,-0.005849464330822229,-0.005139403976500034,-0.006599292159080505,-5.677496665157378e-05
-0.009364454075694084,0.11657322943210602,-0.07109107822179794,-0.015163698233664036,-0.006245468743145466,-0.012833604589104652,-0.00813006516546011,-0.006549856159836054,-0.014385303482413292,-8.286861884698737e-06
-0.009693650528788567,0.005466205067932606,-0.046647801995277405,-0.014866731129586697,-0.006335115525871515,-0.01245127897709608,-0.006387172732502222,-0.005639833398163319,-0.004422689788043499,-0.0635203868150711
-0.012505928054451942,0.015890169888734818,-0.0591767318546772,-0.008559435606002808,-0.009134157560765743,-0.01149264071136713,-0.010730858892202377,-0.00740159023553133,-0.030163384974002838,-0.013099581934511662
-0.013464239425957203,0.013076976872980595,-0.07583069056272507,-0.018556129187345505,-0.008630060590803623,-0.02098248153924942,-0.009459283202886581,-0.011808130890130997,-0.010767443105578423,0.0
-0.005522748921066523,0.0054747057147324085,-0.03161142021417618,-0.004944829270243645,-0.004256031941622496,-0.006124266888946295,-0.00459541380405426,-0.003534946357831359,-0.008585620671510696,-1.7488502635387704e-05
-0.012387841008603573,0.018595809116959572,-0.07051374018192291,-0.016958853229880333,-0.008346086367964745,-0.028179379180073738,-0.0096184266731143,-0.012231612578034401,-0.012681670486927032,-0.007694400381296873
-0.008748129941523075,0.017874808982014656,-0.036685630679130554,-0.007441795896738768,-0.006268361117690802,-0.012966686859726906,-0.007569380570203066,-0.006197142414748669,-0.023083990439772606,-0.064522884786129
-0.014592486433684826,0.057951342314481735,-0.07140243053436279,-0.009353622794151306,-0.010319340974092484,-0.01448436826467514,-0.011519022285938263,-0.008582640439271927,-0.03341354802250862,-0.004178684204816818
-0.011164605617523193,0.007931813597679138,-0.068339504301548,-0.018906302750110626,-0.008068532682955265,-0.017445744946599007,-0.00879583414644003,-0.008600521832704544,-0.012849370017647743,-6.393842795660021e-06
-0.01758488267660141,0.010170429944992065,-0.07458378374576569,-0.009868467226624489,-0.010359997861087322,-0.0167059488594532,-0.011916125193238258,-0.006824213080108166,-0.050782039761543274,0.0
-0.015455774962902069,0.03864443674683571,-0.06753760576248169,-0.021651409566402435,-0.009922385215759277,-0.02878560498356819,-0.012980479747056961,-0.016164153814315796,-0.0272583719342947,-0.010741926729679108
-0.01385406032204628,0.011072609573602676,-0.06976913660764694,-0.013964639976620674,-0.007782934233546257,-0.012715050019323826,-0.009318817406892776,-0.007970585487782955,-0.0032544711139053106,-0.037867508828639984
-0.0029389080591499805,0.015817703679203987,-0.029984882101416588,-0.005320029798895121,-0.0021072260569781065,-0.005266503896564245,-0.0026721537578850985,-0.00309255113825202,-0.005700362846255302,-3.342664285810315e-06
-0.009455366060137749,0.002992678666487336,-0.049530278891325,-0.010750356130301952,-0.00615546153858304,-0.009525223635137081,-0.007983055897057056,-0.006564658135175705,-0.0180912334471941,-0.018666528165340424
-0.011331834830343723,0.11563795059919357,-0.04535098373889923,-0.009325847961008549,-0.008293315768241882,-0.007806832902133465,-0.008705268613994122,-0.004341071471571922,-0.006944088265299797,-0.0027611469849944115
-0.010390686802566051,0.021097607910633087,-0.04479484632611275,-0.012313437648117542,-0.007209018338471651,-0.016790220513939857,-0.009034702554345131,-0.009818654507398605,-0.014277842827141285,-0.0328071266412735
-0.008473919704556465,0.0306544192135334,-0.05919909477233887,-0.0036719103809446096,-0.005978927481919527,-0.0032680665608495474,-0.0051363068632781506,-0.0023117861710488796,-0.010218072682619095,-0.007292690686881542
-0.016894809901714325,0.024701468646526337,-0.10764463245868683,-0.02711273729801178,-0.010094445198774338,-0.026129670441150665,-0.012942791916429996,-0.015507839620113373,-0.02274418994784355,-8.707134924179627e-08
-0.00952141359448433,0.039673008024692535,-0.06055136024951935,-0.016431685537099838,-0.006192269269376993,-0.015363049693405628,-0.008053404279053211,-0.008055588230490685,-0.026811454445123672,-0.0005720947519876063
-0.008111701346933842,0.03279774263501167,-0.03905835747718811,-0.012021951377391815,-0.00538855092599988,-0.012051197700202465,-0.005820469930768013,-0.007471845950931311,-0.007787411101162434,-2.8024469429510646e-05
-0.011107394471764565,0.026938121765851974,-0.06330007314682007,-0.010031495243310928,-0.006502937525510788,-0.00817008875310421,-0.009000439196825027,-0.0040290323086082935,-0.03296593949198723,-0.00335865025408566
-0.012365711852908134,0.005556268151849508,-0.07195083796977997,-0.0187742430716753,-0.00877869687974453,-0.018192220479249954,-0.008683175779879093,-0.009003747254610062,-0.011912002228200436,-0.002005521673709154
-0.00752636231482029,0.01397433876991272,-0.05159834399819374,-0.006839720066636801,-0.004701017867773771,-0.014782240614295006,-0.006637854501605034,-0.008440772071480751,-0.028166623786091805,-0.0002762847871053964
-0.004804779775440693,0.010657931677997112,-0.0407068245112896,-0.004564860835671425,-0.0031951386481523514,-0.01008535549044609,-0.0038771755062043667,-0.0044706352055072784,-0.016031429171562195,-0.003028332022950053
-0.009217295795679092,0.027444830164313316,-0.051439426839351654,-0.01211422961205244,-0.006326368544250727,-0.010633107274770737,-0.006127198226749897,-0.005032407585531473,-0.0023069533053785563,-0.0003396179527044296
-0.009892798960208893,0.005561434663832188,-0.052462078630924225,-0.012787215411663055,-0.006768772378563881,-0.013958766125142574,-0.008231230080127716,-0.00892598181962967,-0.0025040474720299244,-0.029831530526280403
-0.01517401821911335,0.010225964710116386,-0.09260208904743195,-0.013903673738241196,-0.009598935022950172,-0.02104737050831318,-0.011842177249491215,-0.011195573024451733,-0.026913870126008987,-0.005583023652434349
-0.01272804755717516,0.0026756851002573967,-0.07550592720508575,-0.025963125750422478,-0.009021703153848648,-0.023673925548791885,-0.009616371244192123,-0.011147946119308472,-0.005981789901852608,-2.2031117623555474e-05
-0.008368267677724361,0.0077788326889276505,-0.03600187227129936,-0.013184948824346066,-0.0049554151482880116,-0.011421870440244675,-0.006074479781091213,-0.005766907706856728,-0.019951146095991135,-0.002402934478595853
-0.009581291116774082,0.021268639713525772,-0.07238999009132385,-0.017390772700309753,-0.007794046308845282,-0.019489478319883347,-0.008601866662502289,-0.009231113828718662,-0.011782130226492882,-0.05275691673159599
-0.011126721277832985,0.02014048583805561,-0.09525254368782043,-0.014742041006684303,-0.008636451326310635,-0.013599072583019733,-0.009747197851538658,-0.006905679125338793,-0.023630918934941292,-0.004999835509806871
-0.006360979750752449,0.0707767978310585,-0.03832418844103813,-0.007156755309551954,-0.003036322072148323,-0.005679788999259472,-0.006105199921876192,-0.00432825880125165,-0.010591276921331882,-0.0014560328563675284
-0.013834160752594471,0.02310565486550331,-0.07187900692224503,-0.03184061869978905,-0.008863960392773151,-0.03082260675728321,-0.011403730139136314,-0.017719920724630356,-0.03219446539878845,-0.015090711414813995
-0.008660820312798023,0.055073224008083344,-0.04766925796866417,-0.013883786275982857,-0.0059920442290604115,-0.01273676473647356,-0.006982076913118362,-0.006933910772204399,-0.01282737497240305,0.0
-0.007457016501575708,0.07211414724588394,-0.044002022594213486,-0.009146401658654213,-0.004586751107126474,-0.011348852887749672,-0.005925493314862251,-0.006099754944443703,-0.023471085354685783,-0.05919070541858673
-0.006493566557765007,0.005051358137279749,-0.04217541590332985,-0.0058384551666677,-0.00506944814696908,-0.0051124910824000835,-0.004844794049859047,-0.002655616495758295,-0.027101987972855568,-0.016983361914753914
-0.009192361496388912,0.0582357682287693,-0.05894751846790314,-0.01980699971318245,-0.006821917369961739,-0.018603917211294174,-0.007119663991034031,-0.009566085413098335,-0.027375871315598488,-0.005841491278260946
-0.007310085464268923,0.008852650411427021,-0.044687043875455856,-0.011838363483548164,-0.004944102838635445,-0.01626000367105007,-0.005759200546890497,-0.008008904755115509,-0.012133412063121796,-0.00018169006216339767
-0.009788080118596554,0.021437818184494972,-0.05765625461935997,-0.018196839839220047,-0.006995967123657465,-0.016317522153258324,-0.007935439236462116,-0.007787879556417465,-0.012241840362548828,-0.0005466624861583114
-0.009459801018238068,0.06521274894475937,-0.05361388623714447,-0.012449080124497414,-0.006597913336008787,-0.012228121981024742,-0.009233620017766953,-0.006226242054253817,-0.01922527514398098,-1.2927878742630128e-05
-0.007195779588073492,0.009590084664523602,-0.04965810850262642,-0.009486781433224678,-0.004314851947128773,-0.010128676891326904,-0.004963847808539867,-0.0058739339001476765,-0.022189095616340637,-0.05709955096244812
-0.005512252915650606,0.0064238496124744415,-0.03441322222352028,-0.0068514286540448666,-0.0034620044752955437,-0.009302427060902119,-0.00395991699770093,-0.00517523055896163,-0.0034649979788810015,-8.453481859760359e-05
-0.007967381738126278,0.01044509932398796,-0.05264971777796745,-0.01387394592165947,-0.004876239690929651,-0.013391976244747639,-0.006583646405488253,-0.008072557859122753,-0.018919670954346657,0.0
-0.009914395399391651,0.01564144715666771,-0.07200851291418076,-0.011319510638713837,-0.006164216902107,-0.009511382319033146,-0.007501616608351469,-0.0046508354134857655,-0.005820934660732746,-0.0036385608837008476
-0.010166477411985397,0.03746325895190239,-0.056542087346315384,-0.01618751883506775,-0.006747417617589235,-0.014513629488646984,-0.00910466443747282,-0.007921223528683186,-0.00829596258699894,-5.9949255955871195e-05
-0.005347392521798611,0.015635322779417038,-0.04218405857682228,-0.011980317533016205,-0.0032597596291452646,-0.009811259806156158,-0.0044147600419819355,-0.005335553083568811,-0.014271432533860207,-1.062266619555885e-06
-0.006236947141587734,0.002624601125717163,-0.04036867246031761,-0.00755312480032444,-0.0036029976326972246,-0.005638576578348875,-0.003718763357028365,-0.0025735972449183464,-0.009430055506527424,0.0
-0.009912390261888504,0.0024426565505564213,-0.056365929543972015,-0.015698056668043137,-0.006235771346837282,-0.014282610267400742,-0.008013732731342316,-0.007495950907468796,-0.009348588064312935,-0.028727857396006584
-0.013775995001196861,0.018491363152861595,-0.07151366770267487,-0.030042121186852455,-0.009484605863690376,-0.026309669017791748,-0.01144541148096323,-0.014108867384493351,-0.025885965675115585,-1.7414270914173358e-08
-0.006594351027160883,0.014233005233108997,-0.040839336812496185,-0.01392462570220232,-0.00394912576302886,-0.012548403814435005,-0.005239136051386595,-0.0066473339684307575,-0.017696941271424294,-0.036969538778066635
-0.005151744931936264,0.0147288478910923,-0.043386999517679214,-0.012937195599079132,-0.0034906065557152033,-0.01105218380689621,-0.004972361493855715,-0.0054395925253629684,-0.018441092222929,-0.07788686454296112
-0.010931559838354588,0.018762804567813873,-0.06342491507530212,-0.016215024515986443,-0.007813463918864727,-0.019207164645195007,-0.008888485841453075,-0.007685774005949497,-0.006898100487887859,-0.1125977486371994
-0.006228466518223286,0.026474399492144585,-0.05627754330635071,-0.010859405621886253,-0.003749640891328454,-0.010155295953154564,-0.005458602216094732,-0.005320781841874123,-0.022357380017638206,-0.01012625452131033
-0.015320578590035439,0.007850096561014652,-0.07737625390291214,-0.03237231448292732,-0.010889720171689987,-0.031137054786086082,-0.012306694872677326,-0.014071515761315823,-0.004269355442374945,-0.0009358528186567128
-0.007477072533220053,0.007084791548550129,-0.062118157744407654,-0.013825851492583752,-0.005804689135402441,-0.012048282660543919,-0.0062755560502409935,-0.005486262030899525,-0.006519734393805265,0.0
-0.008272808976471424,0.010438762605190277,-0.06834103167057037,-0.003971759229898453,-0.004266687203198671,-0.0038722511380910873,-0.006276450585573912,-0.00237310235388577,-0.01165065634995699,-0.023624273017048836
-0.016077008098363876,0.021483607590198517,-0.07786083966493607,-0.0314067043364048,-0.01075606420636177,-0.03028038889169693,-0.012248215265572071,-0.014509973116219044,-0.0063268751837313175,-0.018720870837569237
-0.0029945143032819033,0.00657277274876833,-0.01678379811346531,-0.0019046126399189234,-0.002081471960991621,-0.008704700507223606,-0.0025477660819888115,-0.0036194040440022945,-0.01069552544504404,-0.06898555904626846
-0.010708494111895561,0.018557937815785408,-0.04967312887310982,-0.008188039064407349,-0.007866902276873589,-0.007976177148520947,-0.0064555066637694836,-0.0038049069698899984,-0.019220352172851562,0.0
-0.007675024215131998,0.022611526772379875,-0.04536328837275505,-0.009325417689979076,-0.00471698772162199,-0.007813964039087296,-0.005624023266136646,-0.004439517389982939,-0.015227237716317177,-0.010680088773369789
-0.0070300172083079815,0.03254213184118271,-0.038674138486385345,-0.010721499100327492,-0.005214359611272812,-0.008765678852796555,-0.006685739848762751,-0.004234580788761377,-0.008413443341851234,-0.01821947656571865
-0.015427312813699245,0.03405873477458954,-0.0818072110414505,-0.02669590711593628,-0.009897948242723942,-0.022525358945131302,-0.01342027261853218,-0.011575151234865189,-0.013553177937865257,-8.907584560802206e-05
-0.008262772113084793,0.040032047778367996,-0.08305609971284866,-0.006033563055098057,-0.006288514938205481,-0.007010642439126968,-0.004611137788742781,-0.0028963268268853426,-0.0027171296533197165,-0.011651400476694107
-0.008781274780631065,0.027089614421129227,-0.0789361372590065,-0.008496957831084728,-0.005638452246785164,-0.007472696248441935,-0.007001900114119053,-0.0036035168450325727,-0.01210479810833931,-1.7284813580431546e-08
-0.007464096415787935,0.015239748172461987,-0.031177571043372154,-0.01063541416078806,-0.005668933503329754,-0.011006755754351616,-0.006152315530925989,-0.005988605786114931,-0.03461812809109688,-0.0001230366324307397
-0.012841739691793919,0.07910405844449997,-0.06548726558685303,-0.008497573435306549,-0.00813030544668436,-0.011123521253466606,-0.009515976533293724,-0.006636441219598055,-0.01083330623805523,-3.734026540769264e-05
-0.013474973849952221,0.025973252952098846,-0.06867300719022751,-0.007346538361161947,-0.008687114343047142,-0.022458933293819427,-0.009079743176698685,-0.014273655600845814,-0.028122585266828537,-0.007166252005845308
-0.010487872175872326,0.012554076500236988,-0.055702656507492065,-0.013581509701907635,-0.006185553502291441,-0.012263540178537369,-0.007951183244585991,-0.0058343238197267056,-0.008976693265140057,0.0
-0.00994646456092596,0.006424991879612207,-0.04093918949365616,-0.0042662969790399075,-0.006908568553626537,-0.004780731163918972,-0.00685239490121603,-0.002470789011567831,-0.013036748394370079,-0.024715738371014595
-0.007854890078306198,0.028843307867646217,-0.049947574734687805,-0.012931733392179012,-0.00546515267342329,-0.019236726686358452,-0.006391119211912155,-0.009293550625443459,-0.01451945025473833,-0.0034734809305518866
-0.010878436267375946,0.011787666007876396,-0.0585368312895298,-0.013817554339766502,-0.008198820054531097,-0.01415388472378254,-0.009202019311487675,-0.006694960407912731,-0.006474462803453207,-0.013703472912311554
-0.010335138067603111,0.004511831793934107,-0.06299963593482971,-0.017819877713918686,-0.007291232235729694,-0.02221190370619297,-0.00859682634472847,-0.009828906506299973,-0.026590991765260696,-2.7423027859185822e-05
-0.009081079624593258,0.02604956552386284,-0.05312047153711319,-0.010165069252252579,-0.004583762958645821,-0.008791521191596985,-0.006433804053813219,-0.00470699742436409,-0.013756760396063328,-0.005372211802750826
-0.01753290928900242,0.008477818220853806,-0.07988544553518295,-0.018381435424089432,-0.010473099537193775,-0.019675372168421745,-0.014000016264617443,-0.011109813116490841,-0.02671447955071926,-0.03378954902291298
-0.007821326144039631,0.008650775998830795,-0.03966200724244118,-0.010986772365868092,-0.004845287185162306,-0.01566808670759201,-0.0064063589088618755,-0.008298812434077263,-0.030625110492110252,-0.07775569707155228
-0.007047136314213276,0.02119622379541397,-0.04703570529818535,-0.008126828819513321,-0.0047348313964903355,-0.007163435220718384,-0.0055660647340118885,-0.004020433872938156,-0.0027058743871748447,-0.04068608209490776
-0.012210827320814133,0.0035284042824059725,-0.0595480315387249,-0.013009964488446712,-0.00767165282741189,-0.02053787000477314,-0.009983526542782784,-0.01125352829694748,-0.02369304932653904,-0.00928429700434208
-0.007257139775902033,0.010930513963103294,-0.03940323367714882,-0.017552431672811508,-0.005038652569055557,-0.017763013020157814,-0.005914162844419479,-0.010075883008539677,-0.0029698750004172325,-3.6569923622664646e-07
-0.020171666517853737,0.01704665832221508,-0.10435725003480911,-0.02370145171880722,-0.011778743006289005,-0.0216309055685997,-0.01369626633822918,-0.01316434983164072,-0.010021374560892582,-3.652318991953507e-05
-0.010159927420318127,0.028537573292851448,-0.05383193492889404,-0.012238920666277409,-0.00703488290309906,-0.01178467646241188,-0.007775894831866026,-0.006233073305338621,-0.014870553277432919,-0.022806217893958092
-0.008992668241262436,0.03234267234802246,-0.0561513714492321,-0.014721369370818138,-0.006507399491965771,-0.019090848043560982,-0.005817166995257139,-0.009025718085467815,-0.021100910380482674,-4.683127554017119e-05
-0.008204408921301365,0.029049180448055267,-0.04272798076272011,-0.005735019221901894,-0.0054598902352154255,-0.005734946578741074,-0.00680067203938961,-0.002612060634419322,-0.006541613955050707,-5.806110721096047e-07
-0.011424495838582516,0.017925934866070747,-0.06152619794011116,-0.016559049487113953,-0.00725686177611351,-0.014802427031099796,-0.009163799695670605,-0.006984329782426357,-0.011477452702820301,-9.943244367605075e-05
-0.007831367664039135,0.014053616672754288,-0.04014063999056816,-0.008105115033686161,-0.005489013157784939,-0.007976874709129333,-0.005800988059490919,-0.0037132659927010536,-0.01143235806375742,-0.011004487052559853
-0.005404714494943619,0.0126904072239995,-0.034461528062820435,-0.002686510095372796,-0.003212443320080638,-0.003130880882963538,-0.0040162792429327965,-0.0019299163250252604,-0.008004847913980484,0.0
-0.007234383840113878,0.019693253561854362,-0.03790472447872162,-0.02324783056974411,-0.004682278726249933,-0.022259697318077087,-0.0064034294337034225,-0.011135773733258247,-0.021185440942645073,-0.04536256194114685
-0.006018896587193012,0.023421110585331917,-0.04301024600863457,-0.01361062191426754,-0.003944967873394489,-0.013186894357204437,-0.005186017602682114,-0.007728345226496458,-0.007918979972600937,-0.006299146916717291
-0.018836796283721924,-0.2080250382423401,-0.08634448796510696,-0.017644615843892097,-0.0043047694489359856,-0.008639981038868427,-0.001454586978070438,-0.004943272098898888,-0.020261364057660103,1.471238374710083
-0.004784577991813421,-0.1233070120215416,-0.025213727727532387,-0.010843046940863132,-0.0030315688345581293,-0.009327178820967674,-0.0026633269153535366,-0.007824710570275784,-0.0074416399002075195,-0.015035978518426418
-0.006876101717352867,-0.18539100885391235,-0.03151492401957512,-0.015027245506644249,-0.0041296882554888725,-0.01237120758742094,-0.005042703356593847,-0.005680624395608902,-0.0023269897792488337,-0.008589247241616249
-0.011154606007039547,-0.15695302188396454,-0.05229825899004936,-0.004390284884721041,-0.006876075640320778,-0.0042611644603312016,-0.007099746260792017,-0.0033399618696421385,-0.04077839478850365,-0.0007520748185925186
-0.016411107033491135,-0.1582721471786499,-0.07569966465234756,-0.02403491921722889,-0.009933230467140675,-0.026845907792448997,-0.011340606026351452,-0.015263638459146023,-0.016606928780674934,-0.010911409743130207
-0.0029267361387610435,-0.17714370787143707,-0.03679492324590683,-0.0024144561029970646,-0.0025326209142804146,-0.0027281702496111393,-0.0017906141001731157,-0.002390580950304866,-0.0015714908950030804,-0.007144044153392315
-0.005198448896408081,-0.1680244505405426,-0.03654643893241882,-0.012433408759534359,-0.004292453173547983,-0.01263907179236412,-0.003495264332741499,-0.006414415314793587,-0.0010491313878446817,-0.0038495848421007395
-0.006001547444611788,0.004611425567418337,-0.03499147295951843,-0.012601376511156559,-0.00423223664984107,-0.017065132036805153,-0.00513563584536314,-0.0073213763535022736,-0.017093785107135773,-0.017150964587926865
-0.009583746083080769,0.01381378248333931,-0.06909682601690292,-0.029493385925889015,-0.0067251999862492085,-0.028008203953504562,-0.007851706817746162,-0.014012617990374565,-0.026377970352768898,-0.012984300032258034
-0.006639854516834021,0.10060007870197296,-0.05193169414997101,-0.009472502395510674,-0.004670408088713884,-0.012999108992516994,-0.006482486613094807,-0.0066223470494151115,-0.014846274629235268,-0.004302332177758217
-0.005985338240861893,0.021842418238520622,-0.05102318152785301,-0.010204605758190155,-0.004011751152575016,-0.0112291369587183,-0.004703966435045004,-0.006088937632739544,-0.006703053135424852,-0.06811007112264633
-0.004628241527825594,0.007636382710188627,-0.030270472168922424,-0.011941498145461082,-0.002912829164415598,-0.0107101546600461,-0.003656814806163311,-0.005601834040135145,-0.005134541541337967,-4.501652256294619e-06
-0.00745205394923687,0.007763650268316269,-0.05242187902331352,-0.012687884271144867,-0.004595959093421698,-0.012103041633963585,-0.004856002517044544,-0.0061305128037929535,-0.006273921579122543,0.0
-0.011550483293831348,0.009710639715194702,-0.07461214810609818,-0.027178600430488586,-0.008521288633346558,-0.027496635913848877,-0.01046332810074091,-0.015748625621199608,-0.03180396556854248,0.0
-0.007029695902019739,0.00755732785910368,-0.039071496576070786,-0.009285970591008663,-0.004925352521240711,-0.008374080061912537,-0.005662301555275917,-0.004173177760094404,-0.00558958575129509,-7.083822856657207e-05
-0.01662866771221161,0.01660092920064926,-0.07702354341745377,-0.028715701773762703,-0.011032761074602604,-0.025981100276112556,-0.01315004751086235,-0.012620213441550732,-0.01563139446079731,-0.0012055912520736456
-0.014083708636462688,0.0014042183756828308,-0.07374384999275208,-0.008784952573478222,-0.009087699465453625,-0.014271578751504421,-0.007903541438281536,-0.006732599809765816,-0.01361790020018816,-0.012316609732806683
-0.012466052547097206,0.013334537856280804,-0.065030537545681,-0.018283234909176826,-0.008627905510365963,-0.01813557557761669,-0.010326948016881943,-0.011248767375946045,-0.01696634851396084,-0.009390751831233501
-0.0075116534717381,0.024661371484398842,-0.03127400949597359,-0.011044713668525219,-0.004787761252373457,-0.010680366307497025,-0.006840001326054335,-0.006136571057140827,-0.009507497772574425,-0.0005929611506871879
-0.009083685465157032,0.021727265790104866,-0.06398484855890274,-0.016227345913648605,-0.00644304696470499,-0.015540876425802708,-0.007631709799170494,-0.007436864543706179,-0.01171160489320755,0.0
-0.008623188361525536,0.02027999609708786,-0.06175877898931503,-0.008774545975029469,-0.005451192148029804,-0.00881952978670597,-0.0062437402084469795,-0.005404511466622353,-0.012180855497717857,-0.013536596670746803
-0.00747344084084034,0.020144158974289894,-0.03527934476733208,-0.009479932487010956,-0.0054756468161940575,-0.009727461263537407,-0.0059814066626131535,-0.0047459653578698635,-0.011934385634958744,-0.005053163040429354
-0.012671522796154022,0.030914871022105217,-0.051307205110788345,-0.007860495708882809,-0.008187848143279552,-0.013354247435927391,-0.007499514613300562,-0.005958844441920519,-0.007071938365697861,-0.0653141438961029
-0.01023376826196909,0.01064174622297287,-0.06270022690296173,-0.021502666175365448,-0.0072263930924236774,-0.019591372460126877,-0.009174073114991188,-0.009682828560471535,-0.02506304532289505,-9.787954979856295e-08
-0.005006263963878155,0.018380919471383095,-0.03626390919089317,-0.012145801447331905,-0.003696938743814826,-0.012100044637918472,-0.0038733340334147215,-0.00708550401031971,-0.011737176217138767,0.0
-0.007371353451162577,0.008953435346484184,-0.04330029338598251,-0.012413040734827518,-0.004896560218185186,-0.012633481062948704,-0.004144957754760981,-0.008703633211553097,-0.010584138333797455,-3.1615570605936227e-06
-0.009879427962005138,0.006264849100261927,-0.06198134273290634,-0.009425816126167774,-0.006267481483519077,-0.009395347908139229,-0.006989630404859781,-0.004453667905181646,-0.015623414888978004,-0.00010098124039359391
-0.010270153172314167,0.0066212560050189495,-0.07168585062026978,-0.005558058153837919,-0.00609243381768465,-0.009037390351295471,-0.007378946058452129,-0.003268294269219041,-0.008542808704078197,-0.014667663723230362
-0.0056716580875217915,0.0034733267966657877,-0.040868207812309265,-0.010497860610485077,-0.0041262004524469376,-0.009414984844624996,-0.004752810578793287,-0.004122467711567879,-0.0017526076408103108,-0.030925946310162544
-0.009451826103031635,0.01628221571445465,-0.043407801538705826,-0.010899842716753483,-0.006349278148263693,-0.009585274383425713,-0.00615262845531106,-0.007322903256863356,-0.012390208430588245,-0.002461986383423209
-0.006868853699415922,0.015034565702080727,-0.04582923278212547,-0.013057461008429527,-0.005143133457750082,-0.013306906446814537,-0.005587130319327116,-0.00689931632950902,-0.012929094955325127,-1.1623422324191779e-05
-0.014678924344480038,0.007404069881886244,-0.06827905029058456,-0.02337712049484253,-0.00899372436106205,-0.024075927212834358,-0.011901353485882282,-0.011513377539813519,-0.015311527997255325,-0.007257800083607435
-0.004629503004252911,0.019261542707681656,-0.03736468404531479,-0.013364424929022789,-0.0034116164315491915,-0.011182952672243118,-0.004352938383817673,-0.009139997884631157,-0.005623021628707647,-0.06218400597572327
-0.01194782368838787,0.01688464730978012,-0.06738989055156708,-0.012551238760352135,-0.008100374601781368,-0.014103174209594727,-0.009424414485692978,-0.007629029918462038,-0.010900981724262238,-0.025427529588341713
-0.004683034494519234,0.006696698721498251,-0.04884302616119385,-0.013354186899960041,-0.004228473175317049,-0.01489964034408331,-0.004921799525618553,-0.0074792783707380295,-0.016275672242045403,-0.023514332249760628
-0.006619427353143692,0.020951323211193085,-0.03844412416219711,-0.009323724545538425,-0.003736356506124139,-0.007899824529886246,-0.005380189046263695,-0.004904396831989288,-0.026043396443128586,-0.050602879375219345
-0.015549634583294392,0.011879121884703636,-0.07481912523508072,-0.007551401853561401,-0.00878697820007801,-0.012391414493322372,-0.012414022348821163,-0.008498197421431541,-0.02799919992685318,0.0
-0.007216732017695904,0.008054905571043491,-0.038603775203228,-0.013566620647907257,-0.004978491459041834,-0.01265350915491581,-0.007310053333640099,-0.007738600950688124,-0.01584508828818798,-0.005226158071309328
-0.0039788344874978065,0.017509207129478455,-0.02933986857533455,-0.004803808405995369,-0.0023670729715377092,-0.0045749731361866,-0.003934861626476049,-0.0027341945096850395,-0.012165868654847145,-0.03637103736400604
-0.0059742396697402,0.00907359179109335,-0.037535469979047775,-0.010131790302693844,-0.0033992500975728035,-0.009564006701111794,-0.0049325753934681416,-0.007544850930571556,-0.011520500294864178,-0.0008849496953189373
-0.008785693906247616,0.01994546689093113,-0.04955412447452545,-0.024014286696910858,-0.005372310057282448,-0.020380888134241104,-0.0071541499346494675,-0.010273627936840057,-0.015687668696045876,-0.013041513971984386
-0.007840387523174286,0.008600872941315174,-0.05057813972234726,-0.008382119238376617,-0.005320786964148283,-0.007134333718568087,-0.006029537878930569,-0.004319671541452408,-0.004426680039614439,-0.00031536445021629333
-0.004566224291920662,0.012795987538993359,-0.027982449159026146,-0.008498633280396461,-0.0028583493549376726,-0.013970199041068554,-0.004079882986843586,-0.006259894464164972,-0.01242221798747778,-0.0017504864372313023
-0.012530607171356678,0.00849001295864582,-0.06844272464513779,-0.022717328742146492,-0.007769413758069277,-0.020466960966587067,-0.009514924138784409,-0.010025653056800365,-0.006888942793011665,-1.4411062920771656e-07
-0.009661097079515457,0.010473736561834812,-0.04019759222865105,-0.013318773359060287,-0.005384581163525581,-0.012350596487522125,-0.006846209056675434,-0.008876386098563671,-0.003446989692747593,0.0
-0.007208620198071003,0.02773229405283928,-0.040329862385988235,-0.005569462664425373,-0.004375865682959557,-0.00799198355525732,-0.004919650964438915,-0.003220247570425272,-0.013173334300518036,-0.00023757595045026392
-0.012732069939374924,0.020192386582493782,-0.07237281650304794,-0.033010050654411316,-0.00913944374769926,-0.030909033492207527,-0.010332032106816769,-0.01623312383890152,-0.020740127190947533,-0.02633645385503769
-0.008737852796912193,0.013828269205987453,-0.05160022899508476,-0.009168796241283417,-0.006044548004865646,-0.008174523711204529,-0.007246141321957111,-0.004141065292060375,-0.017394276335835457,-0.0645289197564125
-0.009249115362763405,0.015079324133694172,-0.05172126367688179,-0.009181437082588673,-0.006136181298643351,-0.008144484832882881,-0.007003501057624817,-0.0039382027462124825,-0.013304042629897594,-0.03472641110420227
-0.008170828223228455,0.010235429741442204,-0.047276511788368225,-0.007775923702865839,-0.00596675556153059,-0.007861490361392498,-0.006329966243356466,-0.004028827417641878,-0.0034160190261900425,-0.06170208007097244
-0.011129029095172882,0.04885639250278473,-0.053051985800266266,-0.014503938145935535,-0.007392136380076408,-0.015031928196549416,-0.007374333683401346,-0.007959011942148209,-0.009461085312068462,-0.0012296066852286458
-0.004763014614582062,0.018123341724276543,-0.03553779423236847,-0.011009352281689644,-0.0032303642947226763,-0.009709898382425308,-0.004016478080302477,-0.005696650594472885,-0.01194491982460022,-0.010964708402752876
-0.01666480489075184,0.022372372448444366,-0.08619294315576553,-0.019861960783600807,-0.01147786621004343,-0.02246197685599327,-0.01203883159905672,-0.012588181532919407,-0.016530578956007957,-0.0024294378235936165
-0.0036511006765067577,0.027495307847857475,-0.032711658626794815,-0.008336354978382587,-0.0027486425824463367,-0.008594096638262272,-0.003046940313652158,-0.004123051185160875,-0.01872178353369236,-3.2903736268963257e-07
-0.009890560992062092,0.0216881912201643,-0.04959985613822937,-0.012661747634410858,-0.006434111390262842,-0.011818689294159412,-0.007603093981742859,-0.011917038820683956,-0.007261671591550112,-6.338656930893194e-06
-0.009473463520407677,0.0012811216292902827,-0.0697973221540451,-0.019235536456108093,-0.006662478670477867,-0.01762162707746029,-0.007628750987350941,-0.00847980473190546,-0.0023317919112741947,-0.02520800195634365
-0.007600162178277969,0.009848115034401417,-0.05196014791727066,-0.008642500266432762,-0.00573945976793766,-0.014089140109717846,-0.006144127808511257,-0.009707282297313213,-0.023273132741451263,-0.027282390743494034
-0.006514282897114754,0.008516567759215832,-0.03804364800453186,-0.013107840903103352,-0.004214669112116098,-0.010858415625989437,-0.006032790523022413,-0.008456714451313019,-0.0153125561773777,-7.930814172141254e-05
-0.009880621917545795,0.015015571378171444,-0.05801372975111008,-0.008776556700468063,-0.006457498297095299,-0.008129473775625229,-0.007441252935677767,-0.0049635800532996655,-0.008522686548531055,-0.018041379749774933
-0.012450473383069038,0.014052800834178925,-0.0663236454129219,-0.024239709600806236,-0.007635429035872221,-0.024299485608935356,-0.010297548025846481,-0.01336548663675785,-0.025963615626096725,-0.009945067577064037
-0.013959462754428387,0.00915540475398302,-0.07350099831819534,-0.030952438712120056,-0.009642267599701881,-0.026979805901646614,-0.011180423200130463,-0.012657379731535912,-0.028245797380805016,-0.012739441357553005
-0.014326073229312897,0.026838185265660286,-0.08282174915075302,-0.016212262213230133,-0.007377102971076965,-0.01425053272396326,-0.011328236199915409,-0.007854083552956581,-0.031171834096312523,-0.048581451177597046
-0.004931644070893526,0.016513729467988014,-0.026122532784938812,-0.009488867595791817,-0.0038583434652537107,-0.008572131395339966,-0.004161763470619917,-0.0040651955641806126,-0.0014047035947442055,-0.0019058852922171354
-0.007924344390630722,0.010519119910895824,-0.03729981184005737,-0.011595810763537884,-0.00404675817117095,-0.009693687781691551,-0.007115163374692202,-0.0069119869731366634,-0.010210500098764896,-0.03836186230182648
-0.007550901733338833,0.0035339421592652798,-0.044164471328258514,-0.018206430599093437,-0.004811378661543131,-0.020815366879105568,-0.006678581703454256,-0.010348298586905003,-0.016185184940695763,-0.004259022884070873
-0.006250155624002218,0.020378299057483673,-0.03552065044641495,-0.01400599256157875,-0.003669128753244877,-0.018099980428814888,-0.005444976035505533,-0.010155043564736843,-0.017218999564647675,-0.0022087779361754656
-0.008085953071713448,0.0076398407109081745,-0.04204552248120308,-0.007097444497048855,-0.005857880227267742,-0.007650655694305897,-0.006436244118958712,-0.003951898775994778,-0.015446766279637814,-0.002370895817875862
-0.01598247140645981,0.02310905046761036,-0.08789201825857162,-0.010908142663538456,-0.00902490597218275,-0.01080622524023056,-0.010782923549413681,-0.006859426386654377,-0.016120783984661102,-2.765567899132293e-07
-0.010970603674650192,0.009097889997065067,-0.05280810967087746,-0.013674977235496044,-0.007214059121906757,-0.011960684321820736,-0.008869389072060585,-0.007586917839944363,-0.004052809905260801,-0.06494565308094025
-0.009734435006976128,0.011716620996594429,-0.05014612525701523,-0.013722258619964123,-0.007222249638289213,-0.012645142152905464,-0.007823917083442211,-0.00733385793864727,-0.014136156998574734,-0.001424399670213461
-0.003771169576793909,0.05634470283985138,-0.030702821910381317,-0.010208112187683582,-0.0034486365038901567,-0.009907028637826443,-0.003157630329951644,-0.004727056249976158,-0.0017451840685680509,-0.00026838958729058504
-0.01306997798383236,0.0231424942612648,-0.07727915048599243,-0.010620019398629665,-0.008905291557312012,-0.01354211661964655,-0.009798398241400719,-0.007965526543557644,-0.021052949130535126,-0.0004786181962117553
-0.011405816301703453,0.016077104955911636,-0.06538205593824387,-0.012237701565027237,-0.008229024708271027,-0.01599441096186638,-0.010204195976257324,-0.009163242764770985,-0.040030378848314285,-6.179020147101255e-06
-0.007261934224516153,0.0230332612991333,-0.05633406341075897,-0.017641065642237663,-0.005129414610564709,-0.016174862161278725,-0.006128530018031597,-0.007852582260966301,-0.0025826359633356333,-0.007238449063152075
-0.006164172198623419,0.006798168644309044,-0.04576164111495018,-0.004187639802694321,-0.004632791504263878,-0.008591295219957829,-0.006228776648640633,-0.0038175072986632586,-0.016744324937462807,0.0
-0.011971141211688519,0.009358717128634453,-0.08034873008728027,-0.026456782594323158,-0.0081783477216959,-0.026824763044714928,-0.009342636913061142,-0.012867224402725697,-0.004296971019357443,0.0
-0.010464828461408615,0.012316178530454636,-0.06226207688450813,-0.01001811120659113,-0.006333624944090843,-0.009271698072552681,-0.008165300823748112,-0.004886346869170666,-0.006290633697062731,-0.017539801076054573
-0.0113747026771307,0.019166313111782074,-0.07877892255783081,-0.013365902937948704,-0.0084304204210639,-0.012923435308039188,-0.008361677639186382,-0.006080636288970709,-0.011182759888470173,-0.026528775691986084
