anomaly_score_adjusted,has_activity,outflow_to_inflow,zero_activity_freq,outflows,gross_activity,balance_anomaly_flag,is_income_distribution_day,outflow_diff,has_reversal,inflow_diff,inflows,rolling_income_std,balance_change,income_diff,clientid,fundname,transactiondate,anomaly_score,dayofweek,month,is_weekend,lag_inflows,rolling_mean_inflows,rolling_std_inflows,is_anomaly
-0.15684476816690138,5.238221254097949,-0.10877303264298453,-8.033819843083116,0.0,-0.009729845368888646,-0.027181247215081233,-0.19207496930540102,-0.00021634381644337908,-0.0039580996809273,0.008587770201058048,0.0,-0.07091369180769326,0.0006020355448156202,0.002877086248258544,BA99BBDE-A7E8-EF11-B302-005056A80461,MONEY MARKET FUND,2025-02-12,0.0,2,2,False,-0.015124477871201124,-0.013733367245495882,0.003680532676851579,1
-0.15684476816690138,-0.19090449820493607,-0.10877303264298453,-3.826937545889623,0.0,-0.01763055510438104,-0.027181247215081233,-0.19207496930540102,-0.00021634381644337908,-0.0039580996809273,-0.00047049444604049383,0.0,-0.07068978812175983,0.0006043617410650326,0.00322731260760082,BA99BBDE-A7E8-EF11-B302-005056A80461,MONEY MARKET FUND,2025-02-13,0.0,3,2,False,-0.005386703491264496,-0.013733367245495882,0.003680532676851579,1
-0.15684476816690138,-0.19090449820493607,-0.10877303264298453,-2.424643446825125,0.0,-0.01763055510438104,-0.027181247215081233,-0.19207496930540102,-0.00021634381644337908,-0.0039580996809273,0.008587770201058048,0.0,-0.07052145752593054,0.0006044697720541553,0.0033894523605548206,BA99BBDE-A7E8-EF11-B302-005056A80461,MONEY MARKET FUND,2025-02-14,0.0,4,2,False,-0.015124477871201124,-0.013733367245495884,0.003680532676851579,0
-0.15684476816690138,-0.19090449820493607,-0.10877303264298453,-1.7234963972928758,0.0,-0.01763055510438104,-0.027181247215081233,-0.19207496930540102,-0.00021634381644337908,-0.0039580996809273,0.008587770201058048,0.0,-0.07058291202113282,0.0006043345337866608,0.002235682277844112,BA99BBDE-A7E8-EF11-B302-005056A80461,MONEY MARKET FUND,2025-02-15,0.0,5,2,True,-0.015124477871201124,-0.013733367245495884,0.003680532676851579,0
-0.15684476816690138,-0.19090449820493607,-0.10877303264298453,-1.302808167573526,0.0,-0.01763055510438104,-0.027181247215081233,-0.19207496930540102,-0.00021634381644337908,-0.0039580996809273,0.008587770201058048,0.0,-0.07062181408457692,0.0006043343064277892,0.0028760079374664706,BA99BBDE-A7E8-EF11-B302-005056A80461,MONEY MARKET FUND,2025-02-16,0.0,6,2,True,-0.015124477871201124,-0.013733367245495884,0.003680532676851579,0
-0.15684476816690138,-0.19090449820493607,-0.10877303264298453,-1.0223493477606265,0.0,-0.01763055510438104,-0.027181247215081233,-0.19207496930540102,-0.00021634381644337908,-0.0039580996809273,0.008587770201058048,0.0,-0.07065159527324821,0.0006043443694262048,0.0029248127332118907,BA99BBDE-A7E8-EF11-B302-005056A80461,MONEY MARKET FUND,2025-02-17,0.0,0,2,False,-0.015124477871201124,-0.013733367245495884,0.003680532676851579,0
-0.15684476816690138,-0.19090449820493607,-0.10877303264298453,-0.8220216193228418,0.0,-0.01763055510438104,-0.027181247215081233,-0.19207496930540102,-0.00021634381644337908,-0.0039580996809273,0.008587770201058048,0.0,-0.07066825980001912,0.0006043216903787017,0.0027695247467491905,BA99BBDE-A7E8-EF11-B302-005056A80461,MONEY MARKET FUND,2025-02-18,0.0,1,2,False,-0.015124477871201124,-0.013733367245495884,0.003680532676851579,0
-0.15684476816690138,-0.19090449820493607,-0.10877303264298453,0.3799447513038712,0.0,-0.01763055510438104,-0.027181247215081233,-0.19207496930540102,-0.00021634381644337908,-0.0039580996809273,0.008587770201058048,0.0,-0.07066908974394046,0.0006042889625427128,0.002721865656220349,BA99BBDE-A7E8-EF11-B302-005056A80461,MONEY MARKET FUND,2025-02-19,0.0,2,2,False,-0.015124477871201124,-0.015124477871201124,0.0,0
-0.15684476816690138,-0.19090449820493607,-0.10877303264298453,0.3799447513038712,0.0,-0.01763055510438104,-0.027181247215081233,-0.19207496930540102,-0.00021634381644337908,-0.0039580996809273,0.008587770201058048,0.0,-0.07066557067290062,0.0006043202338609289,0.0030253989117850163,BA99BBDE-A7E8-EF11-B302-005056A80461,MONEY MARKET FUND,2025-02-20,0.0,3,2,False,-0.015124477871201124,-0.015124477871201124,0.0,0
-0.15684476816690138,-0.19090449820493607,-0.10877303264298453,0.3799447513038712,0.0,-0.01763055510438104,-0.027181247215081233,-0.19207496930540102,-0.00021634381644337908,-0.0039580996809273,0.008587770201058048,0.0,-0.07083351742279598,0.0006043080583196568,0.00281934045886218,BA99BBDE-A7E8-EF11-B302-005056A80461,MONEY MARKET FUND,2025-02-21,0.0,4,2,False,-0.015124477871201124,-0.015124477871201124,0.0,0
-0.15684476816690138,-0.19090449820493607,-0.10877303264298453,0.3799447513038712,0.0,-0.01763055510438104,-0.027181247215081233,-0.19207496930540102,-0.00021634381644337908,-0.0039580996809273,0.008587770201058048,0.0,-0.07083710866522286,0.0006043225358695074,0.002945749934424655,BA99BBDE-A7E8-EF11-B302-005056A80461,MONEY MARKET FUND,2025-02-22,0.0,5,2,True,-0.015124477871201124,-0.015124477871201124,0.0,0
-0.15684476816690138,-0.19090449820493607,-0.10877303264298453,0.3799447513038712,0.0,-0.01763055510438104,-0.027181247215081233,-0.19207496930540102,-0.00021634381644337908,-0.0039580996809273,0.008587770201058048,0.0,-0.07084163140406396,0.0006043223085106358,0.0028760079374664693,BA99BBDE-A7E8-EF11-B302-005056A80461,MONEY MARKET FUND,2025-02-23,0.0,6,2,True,-0.015124477871201124,-0.015124477871201124,0.0,0
-0.15684476816690138,-0.19090449820493607,-0.10877303264298453,0.3799447513038712,0.0,-0.01763055510438104,-0.027181247215081233,-0.19207496930540102,-0.00021634381644337908,-0.0039580996809273,0.008587770201058048,0.0,-0.07085407555907819,0.0006042966264313644,0.002755282058370551,BA99BBDE-A7E8-EF11-B302-005056A80461,MONEY MARKET FUND,2025-02-24,0.0,0,2,False,-0.015124477871201124,-0.015124477871201124,0.0,0
-0.15684476816690138,-0.19090449820493607,-0.10877303264298453,0.3799447513038712,0.0,-0.01763055510438104,-0.027181247215081233,-0.19207496930540102,-0.00021634381644337908,-0.0039580996809273,0.008587770201058048,0.0,-0.07085727579737264,0.0006043103461183075,0.002942155565117743,BA99BBDE-A7E8-EF11-B302-005056A80461,MONEY MARKET FUND,2025-02-25,0.0,1,2,False,-0.015124477871201124,-0.015124477871201124,0.0,0
6.4903032525954645,5.238221254097949,-0.10877303264298453,-0.8220216193228418,0.0,-0.011309987315987126,-0.027181247215081233,-0.19207496930540102,-0.00021634381644337908,-0.0039580996809273,0.015834381918736883,0.0,-0.06808063786162959,0.010079347528876225,0.01118092177753247,BA99BBDE-A7E8-EF11-B302-005056A80461,MONEY MARKET FUND,2025-02-26,0.41104073495130167,2,2,False,-0.015124477871201124,-0.01401158937063693,0.0029444261032563453,0
-0.15684476816690138,-0.19090449820493607,-0.10877303264298453,-0.8220216193228418,0.0,-0.01763055510438104,-0.027181247215081233,-0.19207496930540102,-0.00021634381644337908,-0.0039580996809273,0.0013411584833792148,0.0,-0.06724207264174442,0.00060607211212587,0.0029289013282985028,BA99BBDE-A7E8-EF11-B302-005056A80461,MONEY MARKET FUND,2025-02-27,0.0,3,2,False,-0.007334258367251822,-0.01401158937063693,0.0029444261032563453,0
-0.15684476816690138,-0.19090449820493607,-0.10877303264298453,-0.8220216193228418,0.0,-0.01763055510438104,-0.027181247215081233,5.206300454537575,-0.00021634381644337908,-0.0039580996809273,0.008587770201058048,0.0,-0.0669072151275036,0.0006060491536164199,0.002768199323067268,BA99BBDE-A7E8-EF11-B302-005056A80461,MONEY MARKET FUND,2025-02-28,0.0,4,2,False,-0.015124477871201124,-0.01401158937063693,0.0029444261032563453,0
-0.15684476816690138,-0.19090449820493607,-0.10877303264298453,-0.8220216193228418,0.0,-0.01763055510438104,-0.027181247215081233,-0.19207496930540102,-0.00021634381644337908,-0.0039580996809273,0.008587770201058048,0.0,-0.06691262295842577,0.0006060384345929227,0.0028262483873739016,BA99BBDE-A7E8-EF11-B302-005056A80461,MONEY MARKET FUND,2025-03-01,0.0,5,3,True,-0.015124477871201124,-0.014011589370636929,0.0029444261032563453,0
-0.15684476816690138,-0.19090449820493607,-0.10877303264298453,-0.8220216193228418,0.0,-0.01763055510438104,-0.027181247215081233,-0.19207496930540102,-0.00021634381644337908,-0.0039580996809273,0.008587770201058048,0.0,-0.06725523100435968,0.0006060380319782547,0.0028751767395642468,BA99BBDE-A7E8-EF11-B302-005056A80461,MONEY MARKET FUND,2025-03-02,0.0,6,3,True,-0.015124477871201124,-0.014011589370636929,0.0029444261032563453,0
-0.15684476816690138,-0.19090449820493607,-0.10877303264298453,-0.8220216193228418,0.0,-0.01763055510438104,-0.027181247215081233,-0.19207496930540102,-0.00021634381644337908,-0.0039580996809273,0.008587770201058048,0.0,-0.06809791780975923,0.0006060242175584485,0.002811567635235982,BA99BBDE-A7E8-EF11-B302-005056A80461,MONEY MARKET FUND,2025-03-03,0.0,0,3,False,-0.015124477871201124,-0.014011589370636929,0.0029444261032563453,0
-0.15684476816690138,-0.19090449820493607,-0.10877303264298453,-0.8220216193228418,0.0,-0.01763055510438104,-0.027181247215081233,-0.19207496930540102,-0.00021634381644337908,-0.0039580996809273,0.008587770201058048,0.0,-0.07061812798118682,0.0006058697177314947,0.002144329135428116,BA99BBDE-A7E8-EF11-B302-005056A80461,MONEY MARKET FUND,2025-03-04,0.0,1,3,False,-0.015124477871201124,-0.01401158937063693,0.0029444261032563453,0
-0.15684476816690138,-0.19090449820493607,-0.10877303264298453,0.3799447513038712,0.0,-0.01763055510438104,-0.027181247215081233,-0.19207496930540102,-0.00021634381644337908,-0.0039580996809273,0.008587770201058048,0.0,-0.07062254947183166,0.0006059818103921371,0.0034087159335590557,BA99BBDE-A7E8-EF11-B302-005056A80461,MONEY MARKET FUND,2025-03-05,0.0,2,3,False,-0.015124477871201124,-0.015124477871201124,0.0,0
-0.15684476816690138,-0.19090449820493607,-0.10877303264298453,0.3799447513038712,0.0,-0.01763055510438104,-0.027181247215081233,-0.19207496930540102,-0.00021634381644337908,-0.0039580996809273,0.008587770201058048,0.0,-0.07064678656299606,0.0006060045036495703,0.0029847151441924017,BA99BBDE-A7E8-EF11-B302-005056A80461,MONEY MARKET FUND,2025-03-06,0.0,3,3,False,-0.015124477871201124,-0.015124477871201124,0.0,0
-0.15684476816690138,-0.19090449820493607,-0.10877303264298453,0.3799447513038712,0.0,-0.01763055510438104,-0.027181247215081233,-0.19207496930540102,-0.00021634381644337908,-0.0039580996809273,0.008587770201058048,0.0,-0.0706602185564528,0.0006060155092399773,0.0029292832300373633,BA99BBDE-A7E8-EF11-B302-005056A80461,MONEY MARKET FUND,2025-03-07,0.0,4,3,False,-0.015124477871201124,-0.015124477871201124,0.0,0
-0.15684476816690138,-0.19090449820493607,-0.10877303264298453,0.3799447513038712,0.0,-0.01763055510438104,-0.027181247215081233,-0.19207496930540102,-0.00021634381644337908,-0.0039580996809273,0.008587770201058048,0.0,-0.07066952768407679,0.0006060151113619498,0.0028751992043724132,BA99BBDE-A7E8-EF11-B302-005056A80461,MONEY MARKET FUND,2025-03-08,0.0,5,3,True,-0.015124477871201124,-0.015124477871201124,0.0,0
-0.15684476816690138,-0.19090449820493607,-0.10877303264298453,0.3799447513038712,0.0,-0.01763055510438104,-0.027181247215081233,-0.19207496930540102,-0.00021634381644337908,-0.0039580996809273,0.008587770201058048,0.0,-0.07068009990882884,0.0006060147111156,0.0028751879719683326,BA99BBDE-A7E8-EF11-B302-005056A80461,MONEY MARKET FUND,2025-03-09,0.0,6,3,True,-0.015124477871201124,-0.015124477871201124,0.0,0
-0.15684476816690138,-0.19090449820493607,-0.10877303264298453,0.3799447513038712,0.0,-0.01763055510438104,-0.027181247215081233,-0.19207496930540102,-0.00021634381644337908,-0.0039580996809273,0.008587770201058048,0.0,-0.07068953101168295,0.000605986639399852,0.002743948562649691,BA99BBDE-A7E8-EF11-B302-005056A80461,MONEY MARKET FUND,2025-03-10,0.0,0,3,False,-0.015124477871201124,-0.015124477871201124,0.0,0
-0.15684476816690138,-0.19090449820493607,-0.10877303264298453,0.3799447513038712,0.0,-0.01763055510438104,-0.027181247215081233,-0.19207496930540102,-0.00021634381644337908,-0.0039580996809273,0.008587770201058048,0.0,-0.07071578472743222,0.0006061194880308611,0.0035071567229521187,BA99BBDE-A7E8-EF11-B302-005056A80461,MONEY MARKET FUND,2025-03-11,0.0,1,3,False,-0.015124477871201124,-0.015124477871201124,0.0,0
-0.15684476816690138,-0.19090449820493607,-0.10877303264298453,0.3799447513038712,0.0,-0.01763055510438104,-0.027181247215081233,-0.19207496930540102,-0.00021634381644337908,-0.0039580996809273,0.008587770201058048,0.0,-0.0706936191360205,0.0006059519719084827,0.0020825958425818966,BA99BBDE-A7E8-EF11-B302-005056A80461,MONEY MARKET FUND,2025-03-12,0.0,2,3,False,-0.015124477871201124,-0.015124477871201124,0.0,0
-0.15684476816690138,-0.19090449820493607,-0.10877303264298453,0.3799447513038712,0.0,-0.01763055510438104,-0.027181247215081233,-0.19207496930540102,-0.00021634381644337908,-0.0039580996809273,0.008587770201058048,0.0,-0.07067212246543257,0.0006059544681194345,0.0028889252021631856,BA99BBDE-A7E8-EF11-B302-005056A80461,MONEY MARKET FUND,2025-03-13,0.0,3,3,False,-0.015124477871201124,-0.015124477871201124,0.0,0
-0.15684476816690138,-0.19090449820493607,-0.10877303264298453,0.3799447513038712,0.0,-0.01763055510438104,-0.027181247215081233,-0.19207496930540102,-0.00021634381644337908,-0.0039580996809273,0.008587770201058048,0.0,-0.07060068293925711,0.0006058839631858332,0.0025426975786748524,BA99BBDE-A7E8-EF11-B302-005056A80461,MONEY MARKET FUND,2025-03-14,0.0,4,3,False,-0.015124477871201124,-0.015124477871201124,0.0,0
-0.15684476816690138,-0.19090449820493607,-0.10877303264298453,0.3799447513038712,0.0,-0.01763055510438104,-0.027181247215081233,-0.19207496930540102,-0.00021634381644337908,-0.0039580996809273,0.008587770201058048,0.0,-0.07056332219065183,0.0006058835724127728,0.0028752329015846677,BA99BBDE-A7E8-EF11-B302-005056A80461,MONEY MARKET FUND,2025-03-15,0.0,5,3,True,-0.015124477871201124,-0.015124477871201124,0.0,0
-0.15684476816690138,-0.19090449820493607,-0.10877303264298453,0.3799447513038712,0.0,-0.01763055510438104,-0.027181247215081233,-0.19207496930540102,-0.00021634381644337908,-0.0039580996809273,0.008587770201058048,0.0,-0.07054939655309335,0.0006058831840080305,0.002875244133988751,BA99BBDE-A7E8-EF11-B302-005056A80461,MONEY MARKET FUND,2025-03-16,0.0,6,3,True,-0.015124477871201124,-0.015124477871201124,0.0,0
6.502173968041745,5.238221254097949,9.195029160176702,-0.8220216193228418,0.012454583161585263,-0.004989419527593209,-0.027181247215081233,-0.19207496930540102,0.015121819266534558,-0.0039580996809273,0.008587770201058048,0.0,-0.06526297670416191,-0.018344106085344914,-0.013326993299143471,BA99BBDE-A7E8-EF11-B302-005056A80461,MONEY MARKET FUND,2025-03-17,0.41177478624460767,0,3,False,-0.015124477871201124,-0.015124477871201124,0.0,0
-0.15684476816690138,-0.19090449820493607,-0.10877303264298453,-0.8220216193228418,0.0,-0.01763055510438104,-0.027181247215081233,-0.19207496930540102,-0.015554506899421314,-0.0039580996809273,0.008587770201058048,0.0,-0.06373218530725658,0.0006024929956031367,0.0030022826241799363,BA99BBDE-A7E8-EF11-B302-005056A80461,MONEY MARKET FUND,2025-03-18,0.0,1,3,False,-0.015124477871201124,-0.015124477871201124,0.0,0
-0.15684476816690138,-0.19090449820493607,-0.10877303264298453,-0.8220216193228418,0.0,-0.01763055510438104,-0.027181247215081233,-0.19207496930540102,-0.00021634381644337908,-0.0039580996809273,0.008587770201058048,0.0,-0.0630591720006857,0.0006024648575743807,0.0027436340553353374,BA99BBDE-A7E8-EF11-B302-005056A80461,MONEY MARKET FUND,2025-03-19,0.0,2,3,False,-0.015124477871201124,-0.015124477871201124,0.0,0
-0.15684476816690138,-0.19090449820493607,-0.10877303264298453,-0.8220216193228418,0.0,-0.01763055510438104,-0.027181247215081233,-0.19207496930540102,-0.00021634381644337908,-0.0039580996809273,0.008587770201058048,0.0,-0.0630955100922925,0.0006024660748916752,0.002882859703957772,BA99BBDE-A7E8-EF11-B302-005056A80461,MONEY MARKET FUND,2025-03-20,0.0,3,3,False,-0.015124477871201124,-0.015124477871201124,0.0,0
-0.15684476816690138,-0.19090449820493607,-0.10877303264298453,-0.8220216193228418,0.0,-0.01763055510438104,-0.027181247215081233,-0.19207496930540102,-0.00021634381644337908,-0.0039580996809273,0.008587770201058048,0.0,-0.06377446458695994,0.0006024663756685165,0.0028785127635772246,BA99BBDE-A7E8-EF11-B302-005056A80461,MONEY MARKET FUND,2025-03-21,0.0,4,3,False,-0.015124477871201124,-0.015124477871201124,0.0,0
-0.15684476816690138,-0.19090449820493607,-0.10877303264298453,-0.8220216193228418,0.0,-0.01763055510438104,-0.027181247215081233,-0.19207496930540102,-0.00021634381644337908,-0.0039580996809273,0.008587770201058048,0.0,-0.06538255076157053,0.0006024663330387282,0.00287688406498503,BA99BBDE-A7E8-EF11-B302-005056A80461,MONEY MARKET FUND,2025-03-22,0.0,5,3,True,-0.015124477871201124,-0.015124477871201124,0.0,0
-0.15684476816690138,-0.19090449820493607,-0.10877303264298453,-0.8220216193228418,0.0,-0.01763055510438104,-0.027181247215081233,-0.19207496930540102,-0.00021634381644337908,-0.0039580996809273,0.008587770201058048,0.0,-0.07087001301944122,0.0006024662880406179,0.0028768728325809464,BA99BBDE-A7E8-EF11-B302-005056A80461,MONEY MARKET FUND,2025-03-23,0.0,6,3,True,-0.015124477871201124,-0.015124477871201124,0.0,0
-0.15684476816690138,-0.19090449820493607,-0.10877303264298453,0.3799447513038712,0.0,-0.01763055510438104,-0.027181247215081233,-0.19207496930540102,-0.00021634381644337908,-0.0039580996809273,0.008587770201058048,0.0,-0.07086433091518536,0.0006024557774294217,0.002827236838933303,BA99BBDE-A7E8-EF11-B302-005056A80461,MONEY MARKET FUND,2025-03-24,0.0,0,3,False,-0.015124477871201124,-0.015124477871201124,0.0,0
-0.15684476816690138,-0.19090449820493607,-0.10877303264298453,0.3799447513038712,0.0,-0.01763055510438104,-0.027181247215081233,-0.19207496930540102,-0.00021634381644337908,-0.0039580996809273,0.008587770201058048,0.0,-0.0708972013500105,0.0006024637468315564,0.0029148832880015445,BA99BBDE-A7E8-EF11-B302-005056A80461,MONEY MARKET FUND,2025-03-25,0.0,1,3,False,-0.015124477871201124,-0.015124477871201124,0.0,0
-0.15684476816690138,-0.19090449820493607,-0.10877303264298453,0.3799447513038712,0.0,-0.01763055510438104,-0.027181247215081233,-0.19207496930540102,-0.00021634381644337908,-0.0039580996809273,0.008587770201058048,0.0,-0.07089236746706915,0.0006024557229580252,0.002839030863221609,BA99BBDE-A7E8-EF11-B302-005056A80461,MONEY MARKET FUND,2025-03-26,0.0,2,3,False,-0.015124477871201124,-0.015124477871201124,0.0,0
-0.15684476816690138,-0.19090449820493607,-0.10877303264298453,0.3799447513038712,0.0,-0.01763055510438104,-0.027181247215081233,-0.19207496930540102,-0.00021634381644337908,-0.0039580996809273,0.008587770201058048,0.0,-0.07089119604497926,0.000602456608710298,0.0028812871673859985,BA99BBDE-A7E8-EF11-B302-005056A80461,MONEY MARKET FUND,2025-03-27,0.0,3,3,False,-0.015124477871201124,-0.015124477871201124,0.0,0
-0.15684476816690138,-0.19090449820493607,-0.10877303264298453,0.3799447513038712,0.0,-0.01763055510438104,-0.027181247215081233,-0.19207496930540102,-0.00021634381644337908,-0.0039580996809273,0.008587770201058048,0.0,-0.07089239943817051,0.0006024573357850248,0.002880534596312363,BA99BBDE-A7E8-EF11-B302-005056A80461,MONEY MARKET FUND,2025-03-28,0.0,4,3,False,-0.015124477871201124,-0.015124477871201124,0.0,0
-0.15684476816690138,-0.19090449820493607,-0.10877303264298453,0.3799447513038712,0.0,-0.01763055510438104,-0.027181247215081233,-0.19207496930540102,-0.00021634381644337908,-0.0039580996809273,0.008587770201058048,0.0,-0.07089548521416378,0.0006024572931552365,0.00287688406498503,BA99BBDE-A7E8-EF11-B302-005056A80461,MONEY MARKET FUND,2025-03-29,0.0,5,3,True,-0.015124477871201124,-0.015124477871201124,0.0,0
-0.15684476816690138,-0.19090449820493607,-0.10877303264298453,0.3799447513038712,0.0,-0.01763055510438104,-0.027181247215081233,-0.19207496930540102,-0.00021634381644337908,-0.0039580996809273,0.008587770201058048,0.0,-0.07090183703209067,0.0006024572481571267,0.0028768728325809464,BA99BBDE-A7E8-EF11-B302-005056A80461,MONEY MARKET FUND,2025-03-30,0.0,6,3,True,-0.015124477871201124,-0.015124477871201124,0.0,0
-0.15684476816690138,-0.19090449820493607,-0.10877303264298453,0.3799447513038712,0.0,-0.01763055510438104,-0.027181247215081233,5.206300454537575,-0.00021634381644337908,-0.0039580996809273,0.008587770201058048,0.0,-0.0709023219585681,0.0006024572055273372,0.00287688406498503,BA99BBDE-A7E8-EF11-B302-005056A80461,MONEY MARKET FUND,2025-03-31,0.0,0,3,False,-0.015124477871201124,-0.015124477871201124,0.0,0
-0.15684476816690138,-0.19090449820493607,-0.10877303264298453,0.3799447513038712,0.0,-0.01763055510438104,-0.027181247215081233,-0.19207496930540102,-0.00021634381644337908,-0.0039580996809273,0.008587770201058048,0.0,-0.07090947464109923,0.0006024590007150998,0.0028856004105542927,BA99BBDE-A7E8-EF11-B302-005056A80461,MONEY MARKET FUND,2025-04-01,0.0,1,4,False,-0.015124477871201124,-0.015124477871201124,0.0,0
-0.15684476816690138,-0.19090449820493607,-0.10877303264298453,0.3799447513038712,0.0,-0.01763055510438104,-0.027181247215081233,-0.19207496930540102,-0.00021634381644337908,-0.0039580996809273,0.008587770201058048,0.0,-0.07090701675219034,0.0006024610777331301,0.002886937066640301,BA99BBDE-A7E8-EF11-B302-005056A80461,MONEY MARKET FUND,2025-04-02,0.0,2,4,False,-0.015124477871201124,-0.015124477871201124,0.0,0
-0.15684476816690138,-0.19090449820493607,-0.10877303264298453,0.3799447513038712,0.0,-0.01763055510438104,-0.027181247215081233,-0.19207496930540102,-0.00021634381644337908,-0.0039580996809273,0.008587770201058048,0.0,-0.07090410607917162,0.0006024536625182456,0.002841917591071223,BA99BBDE-A7E8-EF11-B302-005056A80461,MONEY MARKET FUND,2025-04-03,0.0,3,4,False,-0.015124477871201124,-0.015124477871201124,0.0,0
-0.15684476816690138,-0.19090449820493607,-0.10877303264298453,0.3799447513038712,0.0,-0.01763055510438104,-0.027181247215081233,-0.19207496930540102,-0.00021634381644337908,-0.0039580996809273,0.008587770201058048,0.0,-0.07088934109409502,0.0006024437676706619,0.002830157263995169,BA99BBDE-A7E8-EF11-B302-005056A80461,MONEY MARKET FUND,2025-04-04,0.0,4,4,False,-0.015124477871201124,-0.015124477871201124,0.0,0
-0.15684476816690138,-0.19090449820493607,-0.10877303264298453,0.3799447513038712,0.0,-0.01763055510438104,-0.027181247215081233,-0.19207496930540102,-0.00021634381644337908,-0.0039580996809273,0.008587770201058048,0.0,-0.07088258234290211,0.0006024432205883756,0.0028744915629151167,BA99BBDE-A7E8-EF11-B302-005056A80461,MONEY MARKET FUND,2025-04-05,0.0,5,4,True,-0.015124477871201124,-0.015124477871201124,0.0,0
-0.15684476816690138,-0.19090449820493607,-0.10877303264298453,0.3799447513038712,0.0,-0.01763055510438104,-0.027181247215081233,-0.19207496930540102,-0.00021634381644337908,-0.0039580996809273,0.008587770201058048,0.0,-0.07087944449350941,0.0006024431803269085,0.0028768952973891146,BA99BBDE-A7E8-EF11-B302-005056A80461,MONEY MARKET FUND,2025-04-06,0.0,6,4,True,-0.015124477871201124,-0.015124477871201124,0.0,0
-0.15684476816690138,-0.19090449820493607,-0.10877303264298453,0.3799447513038712,0.0,-0.01763055510438104,-0.027181247215081233,-0.19207496930540102,-0.00021634381644337908,-0.0039580996809273,0.008587770201058048,0.0,-0.07087934271428281,0.000602443897928349,0.0028804896666960265,BA99BBDE-A7E8-EF11-B302-005056A80461,MONEY MARKET FUND,2025-04-07,0.0,0,4,False,-0.015124477871201124,-0.015124477871201124,0.0,0
-0.15684476816690138,-0.19090449820493607,-0.10877303264298453,0.3799447513038712,0.0,-0.01763055510438104,-0.027181247215081233,-0.19207496930540102,-0.00021634381644337908,-0.0039580996809273,0.008587770201058048,0.0,-0.07087478347861177,0.0006024637941979885,0.002971449674969079,BA99BBDE-A7E8-EF11-B302-005056A80461,MONEY MARKET FUND,2025-04-08,0.0,1,4,False,-0.015124477871201124,-0.015124477871201124,0.0,0
-0.15684476816690138,-0.19090449820493607,-0.10877303264298453,0.3799447513038712,0.0,-0.01763055510438104,-0.027181247215081233,-0.19207496930540102,-0.00021634381644337908,-0.0039580996809273,0.008587770201058048,0.0,-0.07087307011202876,0.0006024630055469006,0.0028733458576985387,BA99BBDE-A7E8-EF11-B302-005056A80461,MONEY MARKET FUND,2025-04-09,0.0,2,4,False,-0.015124477871201124,-0.015124477871201124,0.0,0
-0.15684476816690138,-0.19090449820493607,-0.10877303264298453,0.3799447513038712,0.0,-0.01763055510438104,-0.027181247215081233,-0.19207496930540102,-0.00021634381644337908,-0.0039580996809273,0.008587770201058048,0.0,-0.07086818148630533,0.0006024632850088476,0.002878411671940468,BA99BBDE-A7E8-EF11-B302-005056A80461,MONEY MARKET FUND,2025-04-10,0.0,3,4,False,-0.015124477871201124,-0.015124477871201124,0.0,0
-0.15684476816690138,-0.19090449820493607,-0.10877303264298453,0.3799447513038712,0.0,-0.01763055510438104,-0.027181247215081233,-0.19207496930540102,-0.00021634381644337908,-0.0039580996809273,0.008587770201058048,0.0,-0.07086868489741247,0.0006024620795331601,0.002871368954579737,BA99BBDE-A7E8-EF11-B302-005056A80461,MONEY MARKET FUND,2025-04-11,0.0,4,4,False,-0.015124477871201124,-0.015124477871201124,0.0,0
-0.15684476816690138,-0.19090449820493607,-0.10877303264298453,0.3799447513038712,0.0,-0.01763055510438104,-0.027181247215081233,-0.19207496930540102,-0.00021634381644337908,-0.0039580996809273,0.008587770201058048,0.0,-0.0708732087687842,0.0006024620345350509,0.0028768728325809455,BA99BBDE-A7E8-EF11-B302-005056A80461,MONEY MARKET FUND,2025-04-12,0.0,5,4,True,-0.015124477871201124,-0.015124477871201124,0.0,0
-0.15684476816690138,-0.19090449820493607,-0.10877303264298453,0.3799447513038712,0.0,-0.01763055510438104,-0.027181247215081233,-0.19207496930540102,-0.00021634381644337908,-0.0039580996809273,0.008587770201058048,0.0,-0.0708830726555048,0.0006024619919052614,0.00287688406498503,BA99BBDE-A7E8-EF11-B302-005056A80461,MONEY MARKET FUND,2025-04-13,0.0,6,4,True,-0.015124477871201124,-0.015124477871201124,0.0,0
-0.15684476816690138,-0.19090449820493607,-0.10877303264298453,0.3799447513038712,0.0,-0.01763055510438104,-0.027181247215081233,-0.19207496930540102,-0.00021634381644337908,-0.0039580996809273,0.008587770201058048,0.0,-0.0708953244508139,0.0006024515191872111,0.0028274165573986486,BA99BBDE-A7E8-EF11-B302-005056A80461,MONEY MARKET FUND,2025-04-14,0.0,0,4,False,-0.015124477871201124,-0.015124477871201124,0.0,0
-0.15684476816690138,-0.19090449820493607,-0.10877303264298453,0.3799447513038712,0.0,-0.01763055510438104,-0.027181247215081233,-0.19207496930540102,-0.00021634381644337908,-0.0039580996809273,0.008587770201058048,0.0,-0.07089561312535379,0.0006024630742282267,0.002931889147784874,BA99BBDE-A7E8-EF11-B302-005056A80461,MONEY MARKET FUND,2025-04-15,0.0,1,4,False,-0.015124477871201124,-0.015124477871201124,0.0,0
-0.15684476816690138,-0.19090449820493607,-0.10877303264298453,0.3799447513038712,0.0,-0.01763055510438104,-0.027181247215081233,-0.19207496930540102,-0.00021634381644337908,-0.0039580996809273,0.008587770201058048,0.0,-0.07089598341850635,0.0006024600025151298,0.002862517820161464,BA99BBDE-A7E8-EF11-B302-005056A80461,MONEY MARKET FUND,2025-04-16,0.0,2,4,False,-0.015124477871201124,-0.015124477871201124,0.0,0
-0.15684476816690138,-0.19090449820493607,-0.10877303264298453,0.3799447513038712,0.0,-0.01763055510438104,-0.027181247215081233,-0.19207496930540102,-0.00021634381644337908,-0.0039580996809273,0.008587770201058048,0.0,-0.07089624661680793,0.0006024626692452353,0.002889733935257242,BA99BBDE-A7E8-EF11-B302-005056A80461,MONEY MARKET FUND,2025-04-17,0.0,3,4,False,-0.015124477871201124,-0.015124477871201124,0.0,0
-0.15684476816690138,-0.19090449820493607,-0.10877303264298453,0.3799447513038712,0.0,-0.01763055510438104,-0.027181247215081233,-0.19207496930540102,-0.00021634381644337908,-0.0039580996809273,0.008587770201058048,0.0,-0.07087440263278527,0.0006024820160642673,0.002968843757221567,BA99BBDE-A7E8-EF11-B302-005056A80461,MONEY MARKET FUND,2025-04-18,0.0,4,4,False,-0.015124477871201124,-0.015124477871201124,0.0,0
-0.15684476816690138,-0.19090449820493607,-0.10877303264298453,0.3799447513038712,0.0,-0.01763055510438104,-0.027181247215081233,-0.19207496930540102,-0.00021634381644337908,-0.0039580996809273,0.008587770201058048,0.0,-0.07087447879732992,0.0006024636284154773,0.002789877862949582,BA99BBDE-A7E8-EF11-B302-005056A80461,MONEY MARKET FUND,2025-04-19,0.0,5,4,True,-0.015124477871201124,-0.015124477871201124,0.0,0
-0.15684476816690138,-0.19090449820493607,-0.10877303264298453,0.3799447513038712,0.0,-0.01763055510438104,-0.027181247215081233,-0.19207496930540102,-0.00021634381644337908,-0.0039580996809273,0.008587770201058048,0.0,-0.07087458882620117,0.0006024635834173671,0.0028768728325809464,BA99BBDE-A7E8-EF11-B302-005056A80461,MONEY MARKET FUND,2025-04-20,0.0,6,4,True,-0.015124477871201124,-0.015124477871201124,0.0,0
-0.15684476816690138,-0.19090449820493607,-0.10877303264298453,0.3799447513038712,0.0,-0.01763055510438104,-0.027181247215081233,-0.19207496930540102,-0.00021634381644337908,-0.0039580996809273,0.008587770201058048,0.0,-0.0708819909848123,0.0006024635384192573,0.0028768728325809455,BA99BBDE-A7E8-EF11-B302-005056A80461,MONEY MARKET FUND,2025-04-21,0.0,0,4,False,-0.015124477871201124,-0.015124477871201124,0.0,0
-0.15684476816690138,-0.19090449820493607,-0.10877303264298453,0.3799447513038712,0.0,-0.01763055510438104,-0.027181247215081233,-0.19207496930540102,-0.00021634381644337908,-0.0039580996809273,0.008587770201058048,0.0,-0.07087372644445641,0.0006024811871517118,0.0029607901234932664,BA99BBDE-A7E8-EF11-B302-005056A80461,MONEY MARKET FUND,2025-04-22,0.0,1,4,False,-0.015124477871201124,-0.015124477871201124,0.0,0
-0.15684476816690138,-0.19090449820493607,-0.10877303264298453,0.3799447513038712,0.0,-0.01763055510438104,-0.027181247215081233,-0.19207496930540102,-0.00021634381644337908,-0.0039580996809273,0.008587770201058048,0.0,-0.07087655654263679,0.0006024718749112381,0.002832920435399858,BA99BBDE-A7E8-EF11-B302-005056A80461,MONEY MARKET FUND,2025-04-23,0.0,2,4,False,-0.015124477871201124,-0.015124477871201124,0.0,0
-0.15684476816690138,-0.19090449820493607,-0.10877303264298453,0.3799447513038712,0.0,-0.01763055510438104,-0.027181247215081233,-0.19207496930540102,-0.00021634381644337908,-0.0039580996809273,0.008587770201058048,0.0,-0.07087246030467029,0.000602484796473808,0.0029383702449413997,BA99BBDE-A7E8-EF11-B302-005056A80461,MONEY MARKET FUND,2025-04-24,0.0,3,4,False,-0.015124477871201124,-0.015124477871201124,0.0,0
6.495729486041783,5.238221254097949,-0.10877303264298453,-0.8220216193228418,0.0,-0.009729845368888646,-0.027181247215081233,-0.19207496930540102,-0.00021634381644337908,-0.0039580996809273,0.01764603484815659,0.0,-0.06757065121788454,0.012446141909261268,0.012595901417218955,BA99BBDE-A7E8-EF11-B302-005056A80461,MONEY MARKET FUND,2025-04-25,0.41137627780017844,4,4,False,-0.015124477871201124,-0.013733367245495884,0.0036805326768515785,0
-0.15684476816690138,-0.19090449820493607,-0.10877303264298453,-0.8220216193228418,0.0,-0.01763055510438104,-0.027181247215081233,-0.19207496930540102,-0.00021634381644337908,-0.0039580996809273,-0.00047049444604049383,0.0,-0.06660151372273804,0.00060453372621025,0.002875873148617461,BA99BBDE-A7E8-EF11-B302-005056A80461,MONEY MARKET FUND,2025-04-26,0.0,5,4,True,-0.005386703491264496,-0.013733367245495884,0.0036805326768515785,0
-0.15684476816690138,-0.19090449820493607,-0.10877303264298453,-0.8220216193228418,0.0,-0.01763055510438104,-0.027181247215081233,-0.19207496930540102,-0.00021634381644337908,-0.0039580996809273,0.008587770201058048,0.0,-0.06619568491232247,0.0006045334704315162,0.002875873148617461,BA99BBDE-A7E8-EF11-B302-005056A80461,MONEY MARKET FUND,2025-04-27,0.0,6,4,True,-0.015124477871201124,-0.013733367245495884,0.0036805326768515785,0
-0.15684476816690138,-0.19090449820493607,-0.10877303264298453,-0.8220216193228418,0.0,-0.01763055510438104,-0.027181247215081233,-0.19207496930540102,-0.00021634381644337908,-0.0039580996809273,0.008587770201058048,0.0,-0.06618179462223937,0.0006045731611329671,0.0030653301083039958,BA99BBDE-A7E8-EF11-B302-005056A80461,MONEY MARKET FUND,2025-04-28,0.0,0,4,False,-0.015124477871201124,-0.013733367245495882,0.0036805326768515785,0
-0.15684476816690138,-0.19090449820493607,-0.10877303264298453,-0.8220216193228418,0.0,-0.01763055510438104,-0.027181247215081233,-0.19207496930540102,-0.00021634381644337908,-0.0039580996809273,0.008587770201058048,0.0,-0.06657854025201058,0.000604575126839885,0.0028864091436483492,BA99BBDE-A7E8-EF11-B302-005056A80461,MONEY MARKET FUND,2025-04-29,0.0,1,4,False,-0.015124477871201124,-0.013733367245495884,0.0036805326768515785,0
-0.15684476816690138,-0.19090449820493607,-0.10877303264298453,-0.8220216193228418,0.0,-0.01763055510438104,-0.027181247215081233,5.206300454537575,-0.00021634381644337908,-0.0039580996809273,0.008587770201058048,0.0,-0.0675755736253513,0.0006045117552908993,0.002576529579776163,BA99BBDE-A7E8-EF11-B302-005056A80461,MONEY MARKET FUND,2025-04-30,0.0,2,4,False,-0.015124477871201124,-0.013733367245495884,0.0036805326768515785,0
