anomaly_score_adjusted,has_trigger,balance_error_flag,has_activity,inflow_spike,outflow_to_inflow,outflow_spike,raw_balance,balance,cumulativeincome,rolling_income_std,incomedistribution,zero_activity_freq,rolling_30_balance_std,ratio,rolling_30_inflows_mean,is_income_distribution_day,gross_activity,raw_outflows,clientid,fundname,transactiondate,anomaly_score,is_first_transaction,inflows,outflows,client_tenure,raw_inflows,dayofweek,month,is_weekend,lag_inflows,rolling_mean_inflows,rolling_std_inflows,lag_balance,rolling_mean_balance,rolling_std_balance,lag_cumulativeincome,rolling_mean_cumulativeincome,rolling_std_cumulativeincome,is_anomaly
-0.26780391827708666,1,1,1,0,-0.10877303264298453,0,3000697.469407,3000697.469407,-0.09653042656674465,-0.07091369180769326,-0.03055635111510901,-8.033819843083116,-0.07098164588220736,0.03834704013473048,4.960508026418789,0,4.722795286191056,0.0,CFE081FA-3EC1-EF11-B300-005056A80461,MONEY MARKET FUND,2024-12-27,0.0,True,3000000.0,0.0,-1.4856316373157525,3000000.0,4,12,False,-0.015124477871201124,0.8195418975519385,2.2083196570773005,0.3981829496606893,0.4122673610870003,0.03791120284429265,0.6628211013067031,0.4946086105115686,0.2650020477578962,0
2.7454161987815087,1,1,0,0,-0.10877303264298453,0,3001395.971325,3001395.971325,-0.05267279637898096,-0.06349922680875703,-0.03055635111510901,-3.826937545889623,-0.0703919719521035,0.03834704013473048,2.4615022877682287,0,-0.01763055510438104,0.0,CFE081FA-3EC1-EF11-B300-005056A80461,MONEY MARKET FUND,2024-12-28,0.28284271247454557,False,0.0,0.0,-1.4698470601434441,0.0,5,12,True,5.827540150090776,0.8195418975519385,2.2083196570773005,0.4982410489107478,0.42665327321335134,0.04895650998814215,-0.09653042656674465,0.4123193840934346,0.3348249946982782,1
1.8628644597033215,1,1,0,0,-0.10877303264298453,0,3002094.407528,3002094.407528,-0.008819292313270046,-0.06504296799439092,-0.03055635111510901,-2.424643446825125,-0.07014776024035846,0.03834704013473048,1.6285003748847087,0,-0.01763055510438104,0.0,CFE081FA-3EC1-EF11-B300-005056A80461,MONEY MARKET FUND,2024-12-29,0.2,False,0.0,0.0,-1.4540624829711355,0.0,6,12,True,-0.015124477871201124,0.8195418975519385,2.2083196570773005,0.4983949432756736,0.4410472338629612,0.05364401407884376,-0.05267279637898096,0.3323238684086974,0.36192442100112254,1
1.8628644597033215,1,1,0,0,-0.10877303264298453,0,3002793.081404,3002793.081404,0.03504913479598732,-0.06539638189235261,-0.03055635111510901,-1.7234963972928758,-0.06990501450585618,0.038384776221921546,1.2119994184429486,0,-0.01763055510438104,0.0,CFE081FA-3EC1-EF11-B300-005056A80461,MONEY MARKET FUND,2024-12-30,0.2,False,0.0,0.0,-1.438277905798827,0.0,0,12,False,-0.015124477871201124,0.8195418975519385,2.2083196570773005,0.49854882316223104,0.4554492519423216,0.05365887404838567,-0.008819292313270046,0.25462460167653683,0.358521562284555,1
3.9935328376837296,1,1,0,0,-0.10877303264298453,0,3003489.244248,3003489.244248,0.07875989889816096,-0.06021575300373237,0.6714139763551733,-1.302808167573526,-0.06966391752127463,0.03812829874796189,0.9620988445778926,1,-0.01763055510438104,0.0,CFE081FA-3EC1-EF11-B300-005056A80461,MONEY MARKET FUND,2024-12-31,0.4,False,0.0,0.0,-1.4224933286265187,0.0,1,12,False,-0.015124477871201124,0.8195418975519385,2.2083196570773005,0.49870275541304765,0.4698590389594784,0.04899740429196993,0.03504913479598732,0.17913936793373608,0.32608530319198986,1
2.776008050266354,1,1,0,0,-0.10877303264298453,0,3004174.627282,3004174.627282,-0.09728930734242404,-0.01835269573059077,-0.03055635111510901,-1.0223493477606265,-0.06942682190202079,0.03753283608398075,0.7954984620011885,0,-0.01763055510438104,0.0,CFE081FA-3EC1-EF11-B300-005056A80461,MONEY MARKET FUND,2025-01-01,0.2,False,0.0,0.0,-1.40670875145421,0.0,2,1,False,-0.015124477871201124,0.8195418975519385,2.2083196570773005,0.4988561344317755,0.4842762561843434,0.037964483335282274,0.07875989889816096,0.07447404462848821,0.267573737052776,1
2.776008050266354,1,1,0,0,-0.10877303264298453,0,3004857.459123,3004857.459123,-0.054415572007873586,-0.0018558516903409055,-0.03055635111510901,-0.8220216193228418,-0.06919174228515762,0.03663676391186735,0.6764981887321142,0,-0.01763055510438104,0.0,CFE081FA-3EC1-EF11-B300-005056A80461,MONEY MARKET FUND,2025-01-02,0.2,False,0.0,0.0,-1.3909241742819016,0.0,3,1,False,-0.015124477871201124,0.8195418975519385,2.2083196570773005,0.4990071384362462,0.4987012034271497,0.00033031042136634687,-0.09728930734242404,-0.027988337273594177,0.0665140646801677,1
2.776008050266354,1,1,0,0,-0.10877303264298453,0,3005528.642123,3005528.642123,-0.01227324563230905,0.03745768234591471,-0.03055635111510901,0.3799447513038712,-0.06896020307348928,0.036111656664683134,0.5872479837803084,0,-0.01763055510438104,0.0,CFE081FA-3EC1-EF11-B300-005056A80461,MONEY MARKET FUND,2025-01-03,0.2,False,0.0,0.0,-1.3751395971095932,0.0,4,1,False,-0.015124477871201124,-0.015124477871201124,0.0,0.49915758036033264,0.4988532615548608,0.00032816583314632266,-0.054415572007873586,-0.015951597140103375,0.0592726596768549,0
2.776008050266354,1,1,0,0,-0.10877303264298453,0,3006213.133237,3006213.133237,0.03070467235333978,0.032150367008459274,-0.03055635111510901,0.3799447513038712,-0.06872731817038698,0.036111656664683134,0.5178311577066818,0,-0.01763055510438104,0.0,CFE081FA-3EC1-EF11-B300-005056A80461,MONEY MARKET FUND,2025-01-04,0.2,False,0.0,0.0,-1.3593550199372848,0.0,5,1,True,-0.015124477871201124,-0.015124477871201124,0.0,0.4993054558047264,0.4990048787013137,0.00032629179968917326,-0.01227324563230905,-0.0040405301783432695,0.05904057292425988,0
2.776008050266354,1,1,0,0,-0.10877303264298453,0,3006897.559106,3006897.559106,0.07367849372735756,0.021647657068611773,-0.03055635111510901,0.3799447513038712,-0.06849361108373253,0.036111656664683134,0.46229769684778044,0,-0.01763055510438104,0.0,CFE081FA-3EC1-EF11-B300-005056A80461,MONEY MARKET FUND,2025-01-05,0.2,False,0.0,0.0,-1.3435704427649762,0.0,6,1,True,-0.015124477871201124,-0.015124477871201124,0.0,0.49945626330084336,0.499156054881301,0.000324922996595396,0.03070467235333978,0.0077448678274606745,0.06577724577894704,0
2.776008050266354,1,1,0,0,-0.10877303264298453,0,3007571.240443,3007571.240443,0.11597768601467812,0.012886912786525597,-0.03055635111510901,0.3799447513038712,-0.0682612889717399,0.03487659930254824,0.41686122887231564,0,-0.01763055510438104,0.0,CFE081FA-3EC1-EF11-B300-005056A80461,MONEY MARKET FUND,2025-01-06,0.2,False,0.0,0.0,-1.3277858655926678,0.0,0,1,False,-0.015124477871201124,-0.015124477871201124,0.0,0.49960705642214237,0.4993064444368163,0.0003237703450139229,0.07367849372735756,0.01930608943013079,0.07745220396802681,0
2.776008050266354,1,1,0,0,-0.10877303264298453,0,3008253.869342,3008253.869342,0.1588386790002726,-0.012534449416232638,-0.03055635111510901,0.3799447513038712,-0.06802826589356471,0.033758587770175486,0.3789975055594284,0,-0.01763055510438104,0.0,CFE081FA-3EC1-EF11-B300-005056A80461,MONEY MARKET FUND,2025-01-07,0.2,False,0.0,0.0,-1.3120012884203593,0.0,1,1,False,-0.015124477871201124,-0.015124477871201124,0.0,0.49975548230165473,0.49945640801991076,0.00032354371023373085,0.11597768601467812,0.03074591515900388,0.09220589659378021,0
2.776008050266354,1,1,0,0,-0.10877303264298453,0,3008908.307012,3008908.307012,0.1999295973960067,0.04085967607607868,-0.03055635111510901,0.3799447513038712,-0.06779904493315214,0.0324915506731329,0.3469589704485238,0,-0.01763055510438104,0.0,CFE081FA-3EC1-EF11-B300-005056A80461,MONEY MARKET FUND,2025-01-08,0.2,False,0.0,0.0,-1.2962167112480507,0.0,2,1,False,-0.015124477871201124,-0.015124477871201124,0.0,0.49990587951343685,0.49960539761710415,0.0003223052583743851,0.1588386790002726,0.07320575869306542,0.0918529587109481,0
2.776008050266354,1,1,0,0,-0.10877303264298453,0,3009581.2164,3009581.2164,0.24218032044810633,0.0372310561398005,-0.03055635111510901,0.3799447513038712,-0.06756964610522913,0.03349763313332875,0.3194973689248913,0,-0.01763055510438104,0.0,CFE081FA-3EC1-EF11-B300-005056A80461,MONEY MARKET FUND,2025-01-09,0.2,False,0.0,0.0,-1.2804321340757423,0.0,3,1,False,-0.015124477871201124,-0.015124477871201124,0.0,0.5000500656165998,0.49975407491131973,0.0003213429770002103,0.1999295973960067,0.11557660047249112,0.09157872476955914,0
2.776008050266354,1,1,0,0,-0.10877303264298453,0,3010240.64809,3010240.64809,0.2835848040276518,0.05237522611190747,-0.03055635111510901,0.3799447513038712,-0.06734184933380094,0.03254911419596674,0.2956973142710764,0,-0.01763055510438104,0.0,CFE081FA-3EC1-EF11-B300-005056A80461,MONEY MARKET FUND,2025-01-10,0.2,False,0.0,0.0,-1.264647556903434,0.0,4,1,False,-0.015124477871201124,-0.015124477871201124,0.0,0.5001983214198416,0.4999023823404318,0.0003193462417270091,0.24218032044810633,0.1578420361381998,0.0910096889816952,0
2.776008050266354,1,1,0,0,-0.10877303264298453,0,3010905.884872,3010905.884872,0.3253537784862931,0.043764741243775954,-0.03055635111510901,0.3799447513038712,-0.0671143945321953,0.03254911419596674,0.2748722664489884,0,-0.01763055510438104,0.0,CFE081FA-3EC1-EF11-B300-005056A80461,MONEY MARKET FUND,2025-01-11,0.2,False,0.0,0.0,-1.2488629797311253,0.0,5,1,True,-0.015124477871201124,-0.015124477871201124,0.0,0.5003436078085106,0.500050083751534,0.00031771529621889917,0.2835848040276518,0.1999347655857646,0.09054489713139505,0
2.776008050266354,1,1,0,0,-0.10877303264298453,0,3011571.057777,3011571.057777,0.3671187422274671,0.025649768559194545,-0.03055635111510901,0.3799447513038712,-0.06688713952591263,0.03254911419596674,0.2564972242530284,0,-0.01763055510438104,0.0,CFE081FA-3EC1-EF11-B300-005056A80461,MONEY MARKET FUND,2025-01-12,0.2,False,0.0,0.0,-1.2330784025588168,0.0,6,1,True,-0.015124477871201124,-0.015124477871201124,0.0,0.5004901731785593,0.5001971791876835,0.0003167735020178916,0.3253537784862931,0.24185480108578022,0.09027650174799258,0
2.776008050266354,1,1,0,0,-0.10877303264298453,0,3012228.048064,3012228.048064,0.4083699346747278,0.028906566436759935,-0.03055635111510901,0.3799447513038712,-0.06666089154927858,0.031549427682752436,0.24016385341217503,0,-0.01763055510438104,0.0,CFE081FA-3EC1-EF11-B300-005056A80461,MONEY MARKET FUND,2025-01-13,0.2,False,0.0,0.0,-1.2172938253865084,0.0,0,1,False,-0.015124477871201124,-0.015124477871201124,0.0,0.5006367244751885,0.5003437492835145,0.00031569928899216593,0.3671187422274671,0.2836251223229302,0.08997036926020092,0
2.776008050266354,1,1,0,0,-0.10877303264298453,0,3012894.99988,3012894.99988,0.45024659291346075,-0.0059268571809343576,-0.03055635111510901,0.3799447513038712,-0.06643430525090455,0.03173171217172625,0.2255497847650957,0,-0.01763055510438104,0.0,CFE081FA-3EC1-EF11-B300-005056A80461,MONEY MARKET FUND,2025-01-14,0.2,False,0.0,0.0,-1.2015092482142,0.0,1,1,False,-0.015124477871201124,-0.015124477871201124,0.0,0.5007814729724722,0.500489825953002,0.00031589369530848384,0.4083699346747278,0.32525482431052843,0.09002577175502835,0
2.776008050266354,1,1,0,0,-0.10877303264298453,0,3013479.662566,3013479.662566,0.48695647044764473,0.23978996144866893,-0.03055635111510901,0.3799447513038712,-0.0662156167608695,0.028320753646472317,0.21239712298272437,0,-0.01763055510438104,0.0,CFE081FA-3EC1-EF11-B300-005056A80461,MONEY MARKET FUND,2025-01-15,0.2,False,0.0,0.0,-1.1857246710418914,0.0,2,1,False,-0.015124477871201124,-0.015124477871201124,0.0,0.5009284161998486,0.5006337064986801,0.0003115496856963369,0.45024659291346075,0.36625866331790535,0.08878780288740655,0
2.776008050266354,1,1,0,0,-0.10877303264298453,0,3014117.857294,3014117.857294,0.5270275248672899,0.23007217765428434,-0.03055635111510901,0.3799447513038712,-0.06599787405881559,0.02715093494354911,0.20049709565581697,0,-0.01763055510438104,0.0,CFE081FA-3EC1-EF11-B300-005056A80461,MONEY MARKET FUND,2025-01-16,0.2,False,0.0,0.0,-1.169940093869583,0.0,3,1,False,-0.015124477871201124,-0.015124477871201124,0.0,0.5010572294363471,0.5007764944222324,0.00030777248842436307,0.48695647044764473,0.40695112109207443,0.08771136612598537,0
2.776008050266354,1,1,0,0,-0.10877303264298453,0,3014764.676423,3014764.676423,0.567640089309888,0.22576665340959706,-0.03055635111510901,0.3799447513038712,-0.06578003108525565,0.027209138061081103,0.189678888994992,0,-0.01763055510438104,0.0,CFE081FA-3EC1-EF11-B300-005056A80461,MONEY MARKET FUND,2025-01-17,0.2,False,0.0,0.0,-1.1541555166972746,0.0,4,1,False,-0.015124477871201124,-0.015124477871201124,0.0,0.5011978368847073,0.5009188853733466,0.00030467282971559156,0.5270275248672899,0.44753044756096527,0.08682801645622416,0
2.776008050266354,1,1,0,0,-0.10877303264298453,0,3015411.076359,3015411.076359,0.6082263334073338,0.21365174465283637,-0.03055635111510901,0.3799447513038712,-0.06556209061432226,0.027209138061081103,0.1798013959568475,0,-0.01763055510438104,0.0,CFE081FA-3EC1-EF11-B300-005056A80461,MONEY MARKET FUND,2025-01-18,0.2,False,0.0,0.0,-1.138370939524966,0.0,5,1,True,-0.015124477871201124,-0.015124477871201124,0.0,0.5013403444663105,0.5010606834465609,0.00030286587909203607,0.567640089309888,0.48794081254968535,0.08631306652962037,0
2.776008050266354,1,1,0,0,-0.10877303264298453,0,3016057.413771,3016057.413771,0.6488086517396541,0.19785157173738882,-0.03055635111510901,0.3799447513038712,-0.06534403002416324,0.027209138061081103,0.17074702733854835,0,-0.01763055510438104,0.0,CFE081FA-3EC1-EF11-B300-005056A80461,MONEY MARKET FUND,2025-01-19,0.2,False,0.0,0.0,-1.1225863623526575,0.0,6,1,True,-0.015124477871201124,-0.015124477871201124,0.0,0.5014827596910585,0.5012018886844597,0.00030267911155426185,0.6082263334073338,0.5281822281942835,0.08625984098412891,0
-0.26780391827708666,0,0,0,0,-0.10877303264298453,0,3016613.37966,3016613.37966,0.6837167110139785,0.3374350425993696,-0.03055635111510901,0.3799447513038712,-0.06513300934772148,0.01640446482516982,0.16241700820971317,0,-0.01763055510438104,0.0,CFE081FA-3EC1-EF11-B300-005056A80461,MONEY MARKET FUND,2025-01-20,0.0,False,0.0,0.0,-1.106801785180349,0.0,0,1,False,-0.015124477871201124,-0.015124477871201124,0.0,0.5016251611404812,0.5013399142428655,0.00029928764876773417,0.6488086517396541,0.5675174819570337,0.0852933324349824,0
2.776008050266354,1,1,0,0,-0.10877303264298453,0,3017269.131031,3017269.131031,0.7248901142406781,0.3202536088814538,-0.03055635111510901,0.3799447513038712,-0.0649200535871864,0.015776382831582836,0.15472775978309605,0,-0.01763055510438104,0.0,CFE081FA-3EC1-EF11-B300-005056A80461,MONEY MARKET FUND,2025-01-21,0.2,False,0.0,0.0,-1.0910172080080405,0.0,1,1,False,-0.015124477871201124,-0.015124477871201124,0.0,0.5017476518813127,0.5014775872742978,0.000300102840334221,0.6837167110139785,0.6067522707180647,0.08552564798367954,0
-0.26780391827708666,0,0,0,0,-0.10877303264298453,0,3017837.959647,3017837.959647,0.7606058001076215,0.3516919063564512,-0.03055635111510901,0.3799447513038712,-0.06471183861209308,0.012443454859503654,0.14760808531400613,0,-0.01763055510438104,0.0,CFE081FA-3EC1-EF11-B300-005056A80461,MONEY MARKET FUND,2025-01-22,0.0,False,0.0,0.0,-1.075232630835732,0.0,2,1,False,-0.015124477871201124,-0.015124477871201124,0.0,0.5018921274198743,0.501614761938319,0.00029535441166492416,0.7248901142406781,0.6458450320980613,0.08417242776507226,0
2.776008050266354,1,1,0,0,-0.10877303264298453,0,3018430.146495,3018430.146495,0.797788105713891,0.35936352074996325,-0.03055635111510901,0.3799447513038712,-0.0645058391998918,0.010190802332606145,0.1409969590212798,0,-0.01763055510438104,0.0,CFE081FA-3EC1-EF11-B300-005056A80461,MONEY MARKET FUND,2025-01-23,0.2,False,0.0,0.0,-1.0594480536634237,0.0,3,1,False,-0.015124477871201124,-0.015124477871201124,0.0,0.5020174520844961,0.501750488533206,0.00029008265506191047,0.7606058001076215,0.6845251150761473,0.08267006858206115,0
2.776008050266354,1,1,0,0,-0.10877303264298453,0,3019017.260847,3019017.260847,0.834651918774952,0.34680125307693355,-0.03055635111510901,0.3799447513038712,-0.06430197885684483,0.007694464225712063,0.1348417724728794,0,-0.01763055510438104,0.0,CFE081FA-3EC1-EF11-B300-005056A80461,MONEY MARKET FUND,2025-01-24,0.2,False,0.0,0.0,-1.0436634764911152,0.0,4,1,False,-0.015124477871201124,-0.015124477871201124,0.0,0.502147923048916,0.501884335957726,0.00028541463705947446,0.797788105713891,0.722669662142585,0.08133976485532655,0
2.776008050266354,1,1,0,0,-0.10877303264298453,0,3019625.063424,3019625.063424,0.8728147068250712,0.30965795420878583,-0.03055635111510901,0.3799447513038712,-0.06409850536497799,0.007694464225712063,0.12909693169437236,0,-0.01763055510438104,0.0,CFE081FA-3EC1-EF11-B300-005056A80461,MONEY MARKET FUND,2025-01-25,0.2,False,0.0,0.0,-1.0278788993188066,0.0,5,1,True,-0.015124477871201124,-0.015124477871201124,0.0,0.5022772764379498,0.5020169685546068,0.0002834133285379461,0.834651918774952,0.7604680012022617,0.08076942695244264,0
2.776008050266354,1,1,0,0,-0.10877303264298453,0,3020232.806345,3020232.806345,0.9109737491864256,0.25764600575093627,-0.03055635111510901,0.3799447513038712,-0.06413923730218286,0.007694464225712063,-0.037503450882331674,0,-0.01763055510438104,0.0,CFE081FA-3EC1-EF11-B300-005056A80461,MONEY MARKET FUND,2025-01-26,0.2,False,0.0,0.0,-1.0120943221464982,0.0,6,1,True,-0.015124477871201124,-0.015124477871201124,0.0,0.5024111878692249,0.5021483864141172,0.0002847335785369864,0.8728147068250712,0.797920157980372,0.08114567507875198,0
2.776008050266354,1,1,0,0,-0.10877303264298453,0,3020819.107316,3020819.107316,0.9477864915744066,0.21060745970702216,-0.03055635111510901,0.3799447513038712,-0.06418094653300059,0.005496177248157632,-0.037503450882331674,0,-0.01763055510438104,0.0,CFE081FA-3EC1-EF11-B300-005056A80461,MONEY MARKET FUND,2025-01-27,0.2,False,0.0,0.0,-0.9963097449741897,0.0,0,1,False,-0.015124477871201124,-0.015124477871201124,0.0,0.5025450861570538,0.502280759051286,0.00028276517959652904,0.9109737491864256,0.8356444123461475,0.08058471585613355,0
1.8628644597033215,1,1,0,0,-0.10877303264298453,0,3021422.27832,3021422.27832,0.9856584718105642,0.07292735098120695,-0.03055635111510901,0.3799447513038712,-0.06422201051292123,0.005638167271147767,-0.037503450882331674,0,-0.01763055510438104,0.0,CFE081FA-3EC1-EF11-B300-005056A80461,MONEY MARKET FUND,2025-01-28,0.2,False,0.0,0.0,-0.9805251678018813,0.0,1,1,False,-0.015124477871201124,-0.015124477871201124,0.0,0.5026742603414941,0.502411476754419,0.00028465808554877534,0.9477864915744066,0.8728970348561311,0.08112416088807854,0
1.8628644597033215,1,1,0,0,-0.10877303264298453,0,3022012.792594,3022012.792594,1.0227357596208002,0.025886396023945518,-0.03055635111510901,0.3799447513038712,-0.06426279348282643,0.005509608736818865,-0.037503450882331674,0,-0.01763055510438104,0.0,CFE081FA-3EC1-EF11-B300-005056A80461,MONEY MARKET FUND,2025-01-29,0.2,False,0.0,0.0,-0.9647405906295727,0.0,2,1,False,-0.015124477871201124,-0.015124477871201124,0.0,0.5028071513418054,0.502542877000021,0.0002847528891605696,0.9856584718105642,0.9103441719294424,0.081151178253556,0
1.8628644597033215,1,1,0,0,-0.10877303264298453,0,3022605.264017,3022605.264017,1.0599359331595535,0.02567919868138251,-0.03055635111510901,0.3799447513038712,-0.06430284542776338,0.005499375221648396,-0.037503450882331674,0,-0.01763055510438104,0.0,CFE081FA-3EC1-EF11-B300-005056A80461,MONEY MARKET FUND,2025-01-30,0.2,False,0.0,0.0,-0.9489560134572642,0.0,3,1,False,-0.015124477871201124,-0.015124477871201124,0.0,0.5029372538037101,0.5026742862024424,0.0002843615573124355,1.0227357596208002,0.947793861564537,0.08103965552053585,0
3.9935328376837296,1,1,0,0,-0.10877303264298453,0,3023201.618214,3023201.618214,1.097379898822289,0.016402314250582382,3.935202599712482,0.3799447513038712,-0.0643422251142754,0.00583836041166988,-0.037503450882331674,1,-0.01763055510438104,0.0,CFE081FA-3EC1-EF11-B300-005056A80461,MONEY MARKET FUND,2025-01-31,0.4,False,0.0,0.0,-0.9331714362849558,0.0,4,1,False,-0.015124477871201124,-0.015124477871201124,0.0,0.5030677874658658,0.5028059862231834,0.00028332780253105685,1.0599359331595535,0.985326430142728,0.08074505350906425,0
2.776008050266354,1,1,0,0,-0.10877303264298453,0,3023795.784603,3023795.784603,-0.10301663003157738,0.004308665228713998,-0.03055635111510901,0.3799447513038712,-0.0643808445940842,0.0059342996163929415,-0.037503450882331674,0,-0.01763055510438104,0.0,CFE081FA-3EC1-EF11-B300-005056A80461,MONEY MARKET FUND,2025-02-01,0.2,False,0.0,0.0,-0.9173868591126473,0.0,5,2,True,-0.015124477871201124,-0.015124477871201124,0.0,0.503199176583137,0.5029372570534695,0.0002827944044803314,1.097379898822289,0.8459219534489212,0.4232641125599025,1
2.776008050266354,1,1,0,0,-0.10877303264298453,0,3024389.892298,3024389.892298,-0.06571371803153515,-0.017927915177509867,-0.03055635111510901,0.3799447513038712,-0.06441915810026444,0.0059342996163929415,-0.037503450882331674,0,-0.01763055510438104,0.0,CFE081FA-3EC1-EF11-B300-005056A80461,MONEY MARKET FUND,2025-02-02,0.2,False,0.0,0.0,-0.9016022819403389,0.0,6,2,True,-0.015124477871201124,-0.015124477871201124,0.0,0.5033300836812269,0.5030680987235787,0.0002829854858675668,-0.10301663003157738,0.7063951724177838,0.5424464423484896,1
2.776008050266354,1,1,0,0,-0.10877303264298453,0,3025007.546909,3025007.546909,-0.02693233917638782,0.024654764303697743,-0.03055635111510901,0.3799447513038712,-0.06445423619400742,0.009725816987048372,-0.037503450882331674,0,-0.01763055510438104,0.0,CFE081FA-3EC1-EF11-B300-005056A80461,MONEY MARKET FUND,2025-02-03,0.2,False,0.0,0.0,-0.8858177047680303,0.0,0,2,False,-0.015124477871201124,-0.015124477871201124,0.0,0.5034609778478188,0.5031999272298199,0.0002838792775124852,-0.06571371803153515,0.5671496251676703,0.5929113298227284,1
2.776008050266354,1,1,0,0,-0.10877303264298453,0,3025583.551931,3025583.551931,0.00923393981322934,0.05359596728272573,-0.03055635111510901,0.3799447513038712,-0.06448851588974798,0.007466768513169335,-0.037503450882331674,0,-0.01763055510438104,0.0,CFE081FA-3EC1-EF11-B300-005056A80461,MONEY MARKET FUND,2025-02-04,0.2,False,0.0,0.0,-0.8700331275957218,0.0,1,2,False,-0.015124477871201124,-0.015124477871201124,0.0,0.5035970598851819,0.5033309007038352,0.0002839570645372825,-0.02693233917638782,0.42766040631090824,0.5929000242028017,1
2.776008050266354,1,1,0,0,-0.10877303264298453,0,3026176.227868,3026176.227868,0.04644695440388124,0.052689349249226955,-0.03055635111510901,0.3799447513038712,-0.06452117681447368,0.007675276384767453,-0.037503450882331674,0,-0.01763055510438104,0.0,CFE081FA-3EC1-EF11-B300-005056A80461,MONEY MARKET FUND,2025-02-05,0.2,False,0.0,0.0,-0.8542485504234134,0.0,2,2,False,-0.015124477871201124,-0.015124477871201124,0.0,0.503723965659913,0.5034619422148362,0.00028367568400797184,0.00923393981322934,0.28819057699420547,0.5422528344736984,1
2.776008050266354,1,1,0,0,-0.10877303264298453,0,3026755.208118,3026755.208118,0.08280004240001038,0.06702989708394713,-0.03055635111510901,0.3799447513038712,-0.06455207122062488,0.006658320814702985,-0.037503450882331674,0,-0.01763055510438104,0.0,CFE081FA-3EC1-EF11-B300-005056A80461,MONEY MARKET FUND,2025-02-06,0.2,False,0.0,0.0,-0.8384639732511049,0.0,3,2,False,-0.015124477871201124,-0.015124477871201124,0.0,0.5038545443807169,0.5035925590996382,0.00028243524658537846,0.04644695440388124,0.14859973545712787,0.42316741655822254,1
2.776008050266354,1,1,0,0,-0.10877303264298453,0,3027336.175751,3027336.175751,0.11927791446102083,0.07283083785467752,-0.03055635111510901,0.3799447513038712,-0.06458267757516895,0.005951568673243101,-0.037503450882331674,0,-0.01763055510438104,0.0,CFE081FA-3EC1-EF11-B300-005056A80461,MONEY MARKET FUND,2025-02-07,0.2,False,0.0,0.0,-0.8226793960787965,0.0,4,2,False,-0.015124477871201124,-0.015124477871201124,0.0,0.5039821056594798,0.5037226917019997,0.00028082625087662543,0.08280004240001038,0.008870880548375317,0.08003215515423184,0
2.776008050266354,1,1,0,0,-0.10877303264298453,0,3027918.188296,3027918.188296,0.1558213945939547,0.07527134295181946,-0.03055635111510901,0.3799447513038712,-0.06461119702450815,0.005951568673243101,-0.037503450882331674,0,-0.01763055510438104,0.0,CFE081FA-3EC1-EF11-B300-005056A80461,MONEY MARKET FUND,2025-02-08,0.2,False,0.0,0.0,-0.806894818906488,0.0,5,2,True,-0.015124477871201124,-0.015124477871201124,0.0,0.5041101047996671,0.5038524417697526,0.0002790104001787458,0.11927791446102083,0.04584774120916562,0.07951466964864823,0
2.776008050266354,1,1,0,0,-0.10877303264298453,0,3028500.142995,3028500.142995,0.19236124268464147,0.0752935551312708,-0.03055635111510901,0.3799447513038712,-0.06463820206302663,0.005951568673243101,-0.037503450882331674,0,-0.01763055510438104,0.0,CFE081FA-3EC1-EF11-B300-005056A80461,MONEY MARKET FUND,2025-02-09,0.2,False,0.0,0.0,-0.7911102417341794,0.0,6,2,True,-0.015124477871201124,-0.015124477871201124,0.0,0.5042383341554978,0.5039818093295875,0.0002771861950235342,0.1558213945939547,0.082715592740048,0.07899480333878145,0
2.776008050266354,1,1,0,0,-0.10877303264298453,0,3029090.051904,3029090.051904,0.22940052075773207,-0.010502208478045956,-0.03055635111510901,0.3799447513038712,-0.06466235592154317,0.006772168670974355,-0.037503450882331674,0,-0.01763055510438104,0.0,CFE081FA-3EC1-EF11-B300-005056A80461,MONEY MARKET FUND,2025-02-10,0.2,False,0.0,0.0,-0.775325664561871,0.0,0,2,False,-0.015124477871201124,-0.015124477871201124,0.0,0.5043665507666628,0.5041103036108735,0.0002775825544545355,0.19236124268464147,0.11933457273063654,0.07910775877704987,0
2.776008050266354,1,1,0,0,-0.10877303264298453,0,3029667.449591,3029667.449591,0.26565424258032005,-0.013182141927909055,-0.03055635111510901,0.3799447513038712,-0.06468413893160613,0.006174147628200601,-0.037503450882331674,0,-0.01763055510438104,0.0,CFE081FA-3EC1-EF11-B300-005056A80461,MONEY MARKET FUND,2025-02-11,0.2,False,0.0,0.0,-0.7595410873895625,0.0,1,2,False,-0.015124477871201124,-0.015124477871201124,0.0,0.5044965198541848,0.5042388417254161,0.0002771913573599854,0.22940052075773207,0.15596604455450663,0.07899627450352775,0
-0.26780391827708666,0,0,0,0,-0.10877303264298453,0,3030241.38431,3030241.38431,0.30169053111320293,-0.02051090472215121,-0.03055635111510901,0.3799447513038712,-0.0647039739779,0.005923426506524337,-0.037503450882331674,0,-0.01763055510438104,0.0,CFE081FA-3EC1-EF11-B300-005056A80461,MONEY MARKET FUND,2025-02-12,0.0,False,0.0,0.0,-0.7437565102172541,0.0,2,2,False,-0.015124477871201124,-0.015124477871201124,0.0,0.5046237324617107,0.5043667899718898,0.0002769475133497089,0.26565424258032005,0.19242941265583832,0.07892678326036254,0
2.776008050266354,1,1,0,0,-0.10877303264298453,0,3030836.354412,3030836.354412,0.33904759203725326,0.0021747634714566373,-0.03055635111510901,0.3799447513038712,-0.06471932464408305,0.007391935933485347,-0.037503450882331674,0,-0.01763055510438104,0.0,CFE081FA-3EC1-EF11-B300-005056A80461,MONEY MARKET FUND,2025-02-13,0.2,False,0.0,0.0,-0.7279719330449456,0.0,3,2,False,-0.015124477871201124,-0.015124477871201124,0.0,0.5047501821060328,0.5044952414889151,0.00027730995155475453,0.30169053111320293,0.22903620546115874,0.07903007174591431,0
2.776008050266354,1,1,0,0,-0.10877303264298453,0,3031457.266894,3031457.266894,0.37803352652472666,0.09042687054906198,-0.03055635111510901,0.3799447513038712,-0.06473415885114503,0.01141626577426873,-0.037503450882331674,0,-0.01763055510438104,0.0,CFE081FA-3EC1-EF11-B300-005056A80461,MONEY MARKET FUND,2025-02-14,0.2,False,0.0,0.0,-0.712187355872637,0.0,4,2,False,-0.015124477871201124,-0.015124477871201124,0.0,0.5048812662786568,0.504624950244981,0.00027947856863694986,0.33904759203725326,0.266001292898831,0.0796480893858929,0
2.776008050266354,1,1,0,0,-0.10877303264298453,0,3032043.683524,3032043.683524,0.41485353092519367,0.08814576115994839,-0.03055635111510901,0.3799447513038712,-0.06474701875029676,0.01141626577426873,-0.037503450882331674,0,-0.01763055510438104,0.0,CFE081FA-3EC1-EF11-B300-005056A80461,MONEY MARKET FUND,2025-02-15,0.2,False,0.0,0.0,-0.6964027787003286,0.0,5,2,True,-0.015124477871201124,-0.015124477871201124,0.0,0.5050180660921284,0.5047547976168569,0.00028106011732081145,0.37803352652472666,0.30300588380329374,0.08009880294143383,0
2.776008050266354,1,1,0,0,-0.10877303264298453,0,3032630.041929,3032630.041929,0.4516698794867119,0.08549946392938783,-0.03055635111510901,0.3799447513038712,-0.06475703005229179,0.01141626577426873,-0.037503450882331674,0,-0.01763055510438104,0.0,CFE081FA-3EC1-EF11-B300-005056A80461,MONEY MARKET FUND,2025-02-16,0.2,False,0.0,0.0,-0.6806182015280201,0.0,6,2,True,-0.015124477871201124,-0.015124477871201124,0.0,0.5051472657586293,0.5048847835926141,0.0002819818438826254,0.41485353092519367,0.340049974775018,0.08036147881993948,0
2.776008050266354,1,1,0,0,-0.10877303264298453,0,3033218.402236,3033218.402236,0.48861192373399065,0.08562540625273969,-0.03055635111510901,0.3799447513038712,-0.06476380975003566,0.011332478868810588,-0.037503450882331674,0,-0.01763055510438104,0.0,CFE081FA-3EC1-EF11-B300-005056A80461,MONEY MARKET FUND,2025-02-17,0.2,False,0.0,0.0,-0.6648336243557117,0.0,0,2,False,-0.015124477871201124,-0.015124477871201124,0.0,0.505276452596963,0.5050147208270958,0.00028281280553237227,0.4516698794867119,0.3770801752001978,0.08059828830714989,0
2.776008050266354,1,1,0,0,-0.10877303264298453,0,3033801.603197,3033801.603197,0.5252300222868517,0.07919787195148059,-0.03055635111510901,0.3799447513038712,-0.06476745019846974,0.011038904902358013,-0.037503450882331674,0,-0.01763055510438104,0.0,CFE081FA-3EC1-EF11-B300-005056A80461,MONEY MARKET FUND,2025-02-18,0.2,False,0.0,0.0,-0.6490490471834032,0.0,1,2,False,-0.015124477871201124,-0.015124477871201124,0.0,0.505406080495556,0.5051448407159825,0.00028247513488839014,0.48861192373399065,0.41416242944398807,0.0805020580909413,0
2.776008050266354,1,1,0,0,-0.10877303264298453,0,3034376.920103,3034376.920103,0.5613530957586649,0.07663313271592823,-0.03055635111510901,0.3799447513038712,-0.06477477455834807,0.009949035536704036,-0.037503450882331674,0,-0.01763055510438104,0.0,CFE081FA-3EC1-EF11-B300-005056A80461,MONEY MARKET FUND,2025-02-19,0.2,False,0.0,0.0,-0.6332644700110946,0.0,2,2,False,-0.015124477871201124,-0.015124477871201124,0.0,0.5055345716839184,0.5052750041083373,0.00028022524509352864,0.5252300222868517,0.4512570815361969,0.07986087901305304,0
2.776008050266354,1,1,0,0,-0.10877303264298453,0,3034959.565172,3034959.565172,0.5979362908916036,0.07820829201954707,-0.03055635111510901,0.3799447513038712,-0.06477810980679104,0.00985245673728281,-0.037503450882331674,0,-0.01763055510438104,0.0,CFE081FA-3EC1-EF11-B300-005056A80461,MONEY MARKET FUND,2025-02-20,0.2,False,0.0,0.0,-0.6174798928387862,0.0,3,2,False,-0.015124477871201124,-0.015124477871201124,0.0,0.5056613258525162,0.5054047795780173,0.00027783154650065785,0.5613530957586649,0.48824118137253275,0.07917871706782229,0
2.776008050266354,1,1,0,0,-0.10877303264298453,0,3035538.479457,3035538.479457,0.634285237068647,-0.024086787128146495,-0.03055635111510901,0.3799447513038712,-0.06478369106520118,0.009374039903063803,-0.037503450882331674,0,-0.01763055510438104,0.0,CFE081FA-3EC1-EF11-B300-005056A80461,MONEY MARKET FUND,2025-02-21,0.2,False,0.0,0.0,-0.6016953156664777,0.0,4,2,False,-0.015124477871201124,-0.015124477871201124,0.0,0.5057896945664171,0.5055332331808178,0.00027710095070451794,0.5979362908916036,0.5248485685930927,0.07897051015238632,0
2.776008050266354,1,1,0,0,-0.10877303264298453,0,3036121.082004,3036121.082004,0.670865762324664,-0.02660701458381502,-0.03055635111510901,0.3799447513038712,-0.0647896201651579,0.009374039903063803,-0.037503450882331674,0,-0.01763055510438104,0.0,CFE081FA-3EC1-EF11-B300-005056A80461,MONEY MARKET FUND,2025-02-22,0.2,False,0.0,0.0,-0.5859107384941693,0.0,5,2,True,-0.015124477871201124,-0.015124477871201124,0.0,0.5059172413117313,0.5056615667377506,0.0002765781047978313,0.634285237068647,0.5614217445073029,0.07882150829660878,0
2.776008050266354,1,1,0,0,-0.10877303264298453,0,3036703.626583,3036703.626583,0.7074426478782817,-0.030052942490915516,-0.03055635111510901,0.3799447513038712,-0.0647962268611083,0.009374039903063803,-0.037503450882331674,0,-0.01763055510438104,0.0,CFE081FA-3EC1-EF11-B300-005056A80461,MONEY MARKET FUND,2025-02-23,0.2,False,0.0,0.0,-0.5701261613218608,0.0,6,2,True,-0.015124477871201124,-0.015124477871201124,0.0,0.5060456006571596,0.505789780256905,0.0002763218568361347,0.670865762324664,0.5979607114203842,0.0787484821495977,0
2.776008050266354,1,1,0,0,-0.10877303264298453,0,3037281.628096,3037281.628096,0.7437342828070809,-0.03985825966378044,-0.03055635111510901,0.3799447513038712,-0.06480228831260264,0.008895623068844812,-0.037503450882331674,0,-0.01763055510438104,0.0,CFE081FA-3EC1-EF11-B300-005056A80461,MONEY MARKET FUND,2025-02-24,0.2,False,0.0,0.0,-0.5543415841495523,0.0,0,2,False,-0.015124477871201124,-0.015124477871201124,0.0,0.506173947231043,0.5059176677395224,0.0002763017084156751,0.7074426478782817,0.63440676271654,0.07874274020081064,0
2.776008050266354,1,1,0,0,-0.10877303264298453,0,3037861.084337,3037861.084337,0.7801172573886477,-0.04230785901964224,-0.03055635111510901,0.3799447513038712,-0.0648075714645495,0.008596292750108847,-0.037503450882331674,0,-0.01763055510438104,0.0,CFE081FA-3EC1-EF11-B300-005056A80461,MONEY MARKET FUND,2025-02-25,0.2,False,0.0,0.0,-0.5385570069772438,0.0,1,2,False,-0.015124477871201124,-0.015124477871201124,0.0,0.5063012928738783,0.5060454373594292,0.00027641649224544523,0.7437342828070809,0.6708192248739394,0.0787754515592807,0
-0.26780391827708666,0,0,0,0,-0.10877303264298453,0,3038431.475454,3038431.475454,0.8159310497736407,-0.02668417647480093,-0.03055635111510901,0.3799447513038712,-0.06481411715812428,0.008227886203972298,-0.037503450882331674,0,-0.01763055510438104,0.0,CFE081FA-3EC1-EF11-B300-005056A80461,MONEY MARKET FUND,2025-02-26,0.0,False,0.0,0.0,-0.5227724298049353,0.0,2,2,False,-0.015124477871201124,-0.015124477871201124,0.0,0.506428959023266,0.5061730519432202,0.00027573280720938966,0.7801172573886477,0.7071875040189359,0.0785806134029456,0
-0.26780391827708666,0,0,0,0,-0.10877303264298453,0,3039003.273407,3039003.273407,0.8518331747622142,-0.021787480718220387,-0.03055635111510901,0.3799447513038712,-0.0648205279141911,0.007992515355051714,-0.037503450882331674,0,-0.01763055510438104,0.0,CFE081FA-3EC1-EF11-B300-005056A80461,MONEY MARKET FUND,2025-02-27,0.0,False,0.0,0.0,-0.5069878526326269,0.0,3,2,False,-0.015124477871201124,-0.015124477871201124,0.0,0.5065546279390529,0.506300325120846,0.00027490341271134167,0.8159310497736407,0.7434584874290231,0.07834425063883246,0
-0.26780391827708666,0,0,0,0,-0.10877303264298453,0,3039572.154263,3039572.154263,0.8875521406811402,-0.012021427411148096,3.2628876540638005,0.3799447513038712,-0.06482777534816846,0.007612596104348383,-0.037503450882331674,1,-0.01763055510438104,0.0,CFE081FA-3EC1-EF11-B300-005056A80461,MONEY MARKET FUND,2025-02-28,0.0,False,0.0,0.0,-0.4912032754603184,0.0,4,2,False,-0.015124477871201124,-0.015124477871201124,0.0,0.506680606809798,0.5064272825025942,0.00027370918241141694,0.8518331747622142,0.7796394736593794,0.07800391615176694,0
-0.26780391827708666,0,0,0,0,-0.10877303264298453,0,3040141.16982,3040141.16982,-0.10459580377519274,-0.01420450179451613,-0.03055635111510901,0.3799447513038712,-0.06483560744809273,0.007640738271067147,-0.037503450882331674,0,-0.01763055510438104,0.0,CFE081FA-3EC1-EF11-B300-005056A80461,MONEY MARKET FUND,2025-03-01,0.0,False,0.0,0.0,-0.4754186982880099,0.0,5,3,True,-0.015124477871201124,-0.015124477871201124,0.0,0.5068059429839682,0.5065538122423633,0.00027257824171049487,0.8875521406811402,0.6688592499308283,0.34656460807157385,0
-0.26780391827708666,0,0,0,0,-0.10877303264298453,0,3040710.128389,3040710.128389,-0.06887195840221376,-0.025263905819179956,-0.03055635111510901,0.3799447513038712,-0.06484363597019,0.007640738271067147,-0.037503450882331674,0,-0.01763055510438104,0.0,CFE081FA-3EC1-EF11-B300-005056A80461,MONEY MARKET FUND,2025-03-02,0.0,False,0.0,0.0,-0.4596341211157014,0.0,6,3,True,-0.015124477871201124,-0.015124477871201124,0.0,0.5069313088355443,0.5066799143709986,0.0002717356998456915,-0.10459580377519274,0.557957163319329,0.4429646172578963,0
-0.26780391827708666,0,0,0,0,-0.10877303264298453,0,3041277.469699,3041277.469699,-0.033249657699781894,-0.029806807398874837,-0.03055635111510901,0.3799447513038712,-0.06485200134455693,0.007476362433641639,-0.037503450882331674,0,-0.01763055510438104,0.0,CFE081FA-3EC1-EF11-B300-005056A80461,MONEY MARKET FUND,2025-03-03,0.0,False,0.0,0.0,-0.44384954394339293,0.0,0,3,False,-0.015124477871201124,-0.015124477871201124,0.0,0.5070566621314895,0.506805680976438,0.0002710210991687363,-0.06887195840221376,0.4469594575326343,0.4840927674732593,0
-0.26780391827708666,0,0,0,0,-0.10877303264298453,0,3041823.467024,3041823.467024,0.0010324940685661962,0.02000751125031556,-0.03055635111510901,0.3799447513038712,-0.06486201665106239,0.007572941233062851,-0.037503450882331674,0,-0.01763055510438104,0.0,CFE081FA-3EC1-EF11-B300-005056A80461,MONEY MARKET FUND,2025-03-04,0.0,False,0.0,0.0,-0.42806496677108447,0.0,1,3,False,-0.015124477871201124,-0.015124477871201124,0.0,0.5071816591119541,0.5069303944835054,0.0002696316824681812,-0.033249657699781894,0.3356616342011941,0.4842900549447962,0
-0.26780391827708666,0,0,0,0,-0.10877303264298453,0,3042384.831463,3042384.831463,0.036279518209484066,0.019205542166550356,-0.03055635111510901,0.3799447513038712,-0.06487071202634585,0.0070535903381620125,-0.037503450882331674,0,-0.01763055510438104,0.0,CFE081FA-3EC1-EF11-B300-005056A80461,MONEY MARKET FUND,2025-03-05,0.0,False,0.0,0.0,-0.412280389598776,0.0,2,3,False,-0.015124477871201124,-0.015124477871201124,0.0,0.5073019535727378,0.5070548238815507,0.0002682940396485575,0.0010324940685661962,0.22428284397774315,0.4433500196177617,0
-0.26780391827708666,0,0,0,0,-0.10877303264298453,0,3042949.20563,3042949.20563,0.07171551754744607,0.013576542991920312,-0.03055635111510901,0.3799447513038712,-0.06488065324225394,0.006806067189976511,-0.037503450882331674,0,-0.01763055510438104,0.0,CFE081FA-3EC1-EF11-B300-005056A80461,MONEY MARKET FUND,2025-03-06,0.0,False,0.0,0.0,-0.39649581242646753,0.0,3,3,False,-0.015124477871201124,-0.015124477871201124,0.0,0.5074256337253696,0.507179019620593,0.0002674123707945161,0.036279518209484066,0.11283746437563343,0.3468602750277883,0
-0.26780391827708666,0,0,0,0,-0.10877303264298453,0,3043514.895252,3043514.895252,0.10723411184675598,0.011066602104489122,-0.03055635111510901,0.3799447513038712,-0.06489048642887418,0.006769610292181742,-0.037503450882331674,0,-0.01763055510438104,0.0,CFE081FA-3EC1-EF11-B300-005056A80461,MONEY MARKET FUND,2025-03-07,0.0,False,0.0,0.0,-0.380711235254159,0.0,4,3,False,-0.015124477871201124,-0.015124477871201124,0.0,0.5075499769830946,0.507303114917549,0.00026698391548463904,0.07171551754744607,0.0013634602564356712,0.0760873347650405,0
-0.26780391827708666,0,0,0,0,-0.10877303264298453,0,3044080.528106,3044080.528106,0.14274914178942444,0.007945237750748173,-0.03055635111510901,0.3799447513038712,-0.06490108782789936,0.006769610292181742,-0.037503450882331674,0,-0.01763055510438104,0.0,CFE081FA-3EC1-EF11-B300-005056A80461,MONEY MARKET FUND,2025-03-08,0.0,False,0.0,0.0,-0.36492665808185054,0.0,5,3,True,-0.015124477871201124,-0.015124477871201124,0.0,0.5076746100626602,0.5074271037460522,0.00026707080903008766,0.10723411184675598,0.03669845247995241,0.07611209786698551,0
-0.26780391827708666,0,0,0,0,-0.10877303264298453,0,3044646.104191,3044646.104191,0.17826060731266327,0.004366773555888438,-0.03055635111510901,0.3799447513038712,-0.06491225649095622,0.006769610292181742,-0.037503450882331674,0,-0.01763055510438104,0.0,CFE081FA-3EC1-EF11-B300-005056A80461,MONEY MARKET FUND,2025-03-09,0.0,False,0.0,0.0,-0.3491420809095421,0.0,6,3,True,-0.015124477871201124,-0.015124477871201124,0.0,0.5077992306350658,0.5075509861129951,0.0002677223814446939,0.14274914178942444,0.07200310472493485,0.07629778435662954,0
-0.26780391827708666,0,0,0,0,-0.10877303264298453,0,3045208.075814,3045208.075814,0.21354575540233736,0.0009060176931084636,-0.03055635111510901,0.3799447513038712,-0.0649240880916901,0.006395447393761802,-0.037503450882331674,0,-0.01763055510438104,0.0,CFE081FA-3EC1-EF11-B300-005056A80461,MONEY MARKET FUND,2025-03-10,0.0,False,0.0,0.0,-0.3333575037372336,0.0,0,3,False,-0.015124477871201124,-0.015124477871201124,0.0,0.5079238387000911,0.5076746994724115,0.00026869805464651696,0.17826060731266327,0.10725959231095186,0.07657583379765982,0
2.776008050266354,1,1,0,0,-0.10877303264298453,0,3045789.89053,3045789.89053,0.25007681422203093,-0.0005447054731117874,-0.03055635111510901,0.3799447513038712,-0.06493516164410165,0.005450766024588709,-0.037503450882331674,0,-0.01763055510438104,0.0,CFE081FA-3EC1-EF11-B300-005056A80461,MONEY MARKET FUND,2025-03-11,0.2,False,0.0,0.0,-0.31757292656492514,0.0,1,3,False,-0.015124477871201124,-0.015124477871201124,0.0,0.508047652627869,0.5077995401617198,0.000269659105922633,0.21354575540233736,0.1428373523328754,0.07684971627254604,0
-0.26780391827708666,0,0,0,0,-0.10877303264298453,0,3046347.824537,3046347.824537,0.28510844794788587,0.004891154746913377,-0.03055635111510901,0.3799447513038712,-0.06494649786980418,0.005232664232518286,-0.037503450882331674,0,-0.01763055510438104,0.0,CFE081FA-3EC1-EF11-B300-005056A80461,MONEY MARKET FUND,2025-03-12,0.0,False,0.0,0.0,-0.3017883493926166,0.0,2,3,False,-0.015124477871201124,-0.015124477871201124,0.0,0.5081758383978949,0.5079242728803347,0.000269816486405038,0.25007681422203093,0.17838434229550423,0.0768945669013268,0
-0.26780391827708666,0,0,0,0,-0.10877303264298453,0,3046905.564073,3046905.564073,0.32012787120304564,0.011536889798273296,-0.03055635111510901,0.3799447513038712,-0.06495887815200793,0.00515271489524907,-0.037503450882331674,0,-0.01763055510438104,0.0,CFE081FA-3EC1-EF11-B300-005056A80461,MONEY MARKET FUND,2025-03-13,0.0,False,0.0,0.0,-0.28600377222030815,0.0,3,3,False,-0.015124477871201124,-0.015124477871201124,0.0,0.5082987627556744,0.5080487967781048,0.00026942626954464124,0.28510844794788587,0.21387182138916133,0.07678336204408011,0
-0.26780391827708666,0,0,0,0,-0.10877303264298453,0,3047453.273308,3047453.273308,0.35451751060136294,0.0351758746380898,-0.03055635111510901,0.3799447513038712,-0.06497314360373238,-0.001745313924339114,-0.037503450882331674,0,-0.01763055510438104,0.0,CFE081FA-3EC1-EF11-B300-005056A80461,MONEY MARKET FUND,2025-03-14,0.0,False,0.0,0.0,-0.2702191950479997,0.0,4,3,False,-0.015124477871201124,-0.015124477871201124,0.0,0.5084216442674854,0.5081727547544841,0.00026818198175658557,0.32012787120304564,0.24919802121124807,0.07642876221381414,0
-0.26780391827708666,0,0,0,0,-0.10877303264298453,0,3048000.927091,3048000.927091,0.3889036682722195,0.04807657581759365,-0.03055635111510901,0.3799447513038712,-0.06498763293166569,-0.001745313924339114,-0.037503450882331674,0,-0.01763055510438104,0.0,CFE081FA-3EC1-EF11-B300-005056A80461,MONEY MARKET FUND,2025-03-15,0.0,False,0.0,0.0,-0.2544346178756912,0.0,5,3,True,-0.015124477871201124,-0.015124477871201124,0.0,0.5085423158973155,0.5082961468508929,0.0002663788377123242,0.35451751060136294,0.28436295356593305,0.07591489838325119,0
-0.26780391827708666,0,0,0,0,-0.10877303264298453,0,3048548.525422,3048548.525422,0.4232863442156157,0.053623472321069385,-0.03055635111510901,0.3799447513038712,-0.06500022361980837,-0.001745313924339114,-0.037503450882331674,0,-0.01763055510438104,0.0,CFE081FA-3EC1-EF11-B300-005056A80461,MONEY MARKET FUND,2025-03-16,0.0,False,0.0,0.0,-0.23865004070338272,0.0,6,3,True,-0.015124477871201124,-0.015124477871201124,0.0,0.5086629753099273,0.5084189731087829,0.0002643108139593098,0.3889036682722195,0.3193666302663548,0.07532554866553567,0
-0.26780391827708666,0,0,0,0,-0.10877303264298453,0,3049088.678168,3049088.678168,0.45720152578992457,0.06750950147478108,-0.03055635111510901,0.3799447513038712,-0.06501360013771022,-0.001877710026856944,-0.037503450882331674,0,-0.01763055510438104,0.0,CFE081FA-3EC1-EF11-B300-005056A80461,MONEY MARKET FUND,2025-03-17,0.0,False,0.0,0.0,-0.22286546353107425,0.0,0,3,False,-0.015124477871201124,-0.015124477871201124,0.0,0.5087836225053208,0.5085411126312195,0.0002616547327094924,0.4232863442156157,0.3541745974645815,0.07456861325238993,0
-0.26780391827708666,0,0,0,0,-0.10877303264298453,0,3049662.593433,3049662.593433,0.4932365928424998,0.04145970871360419,-0.03055635111510901,0.3799447513038712,-0.06502528512553325,-0.001789445958511724,-0.037503450882331674,0,-0.01763055510438104,0.0,CFE081FA-3EC1-EF11-B300-005056A80461,MONEY MARKET FUND,2025-03-18,0.0,False,0.0,0.0,-0.20708088635876576,0.0,1,3,False,-0.015124477871201124,-0.015124477871201124,0.0,0.5089026292849254,0.508663003523396,0.00026187119203823416,0.45720152578992457,0.38891170869607716,0.074630300258276,0
-0.26780391827708666,0,0,0,0,-0.10877303264298453,0,3050201.098338,3050201.098338,0.5270483095596281,0.05179080799834105,-0.03055635111510901,0.3799447513038712,-0.06503744857491818,-0.001804156636569256,-0.037503450882331674,0,-0.01763055510438104,0.0,CFE081FA-3EC1-EF11-B300-005056A80461,MONEY MARKET FUND,2025-03-19,0.0,False,0.0,0.0,-0.1912963091864573,0.0,2,3,False,-0.015124477871201124,-0.015124477871201124,0.0,0.5090290746431304,0.5087842828967867,0.00026165354560795626,0.4932365928424998,0.42347454606918317,0.07456827493991504,0
-0.26780391827708666,0,0,0,0,-0.10877303264298453,0,3050738.988127,3050738.988127,0.5608214042925423,0.05517863251526305,-0.03055635111510901,0.3799447513038712,-0.06505027655305104,-0.0020983701977199806,-0.037503450882331674,0,-0.01763055510438104,0.0,CFE081FA-3EC1-EF11-B300-005056A80461,MONEY MARKET FUND,2025-03-20,0.0,False,0.0,0.0,-0.1755117320141488,0.0,3,3,False,-0.015124477871201124,-0.015124477871201124,0.0,0.5091477183694094,0.5089049375118544,0.0002612902747932741,0.5270483095596281,0.45785933651053984,0.07446474929699079,0
-0.26780391827708666,0,0,0,0,-0.10877303264298453,0,3051276.623853,3051276.623853,0.5945785468844369,0.06087252804374526,-0.03055635111510901,0.3799447513038712,-0.06506415286893198,-0.002184715481970737,-0.037503450882331674,0,-0.01763055510438104,0.0,CFE081FA-3EC1-EF11-B300-005056A80461,MONEY MARKET FUND,2025-03-21,0.0,False,0.0,0.0,-0.15972715484184033,0.0,4,3,False,-0.015124477871201124,-0.015124477871201124,0.0,0.5092662265729593,0.5090252750695515,0.00026042433996647136,0.5608214042925423,0.4921537702652647,0.07421797347939173,0
-0.26780391827708666,0,0,0,0,-0.10877303264298453,0,3051814.204852,3051814.204852,0.6283322532702662,0.06457286304796231,-0.03055635111510901,0.3799447513038712,-0.06507836977692058,-0.002184715481970737,-0.037503450882331674,0,-0.01763055510438104,0.0,CFE081FA-3EC1-EF11-B300-005056A80461,MONEY MARKET FUND,2025-03-22,0.0,False,0.0,0.0,-0.14394257766953186,0.0,5,3,True,-0.015124477871201124,-0.015124477871201124,0.0,0.5093846788011952,0.5091452955926971,0.0002592181251805883,0.5945785468844369,0.5263578538364142,0.07387422404073618,0
-0.26780391827708666,0,0,0,0,-0.10877303264298453,0,3052351.731124,3052351.731124,0.66208252345003,0.0664412335253913,-0.03055635111510901,0.3799447513038712,-0.06509299449533458,-0.002184715481970737,-0.037503450882331674,0,-0.01763055510438104,0.0,CFE081FA-3EC1-EF11-B300-005056A80461,MONEY MARKET FUND,2025-03-23,0.0,False,0.0,0.0,-0.12815800049722337,0.0,6,3,True,-0.015124477871201124,-0.015124477871201124,0.0,0.5095031189719456,0.5092649991041097,0.0002578338502673607,0.6283322532702662,0.5604715937270448,0.07347973072746657,0
-0.26780391827708666,0,0,0,0,-0.10877303264298453,0,3052881.189802,3052881.189802,0.6953262444779031,0.07644279933150352,-0.03055635111510901,0.3799447513038712,-0.06510810363364648,-0.003383315946310859,-0.037503450882331674,0,-0.01763055510438104,0.0,CFE081FA-3EC1-EF11-B300-005056A80461,MONEY MARKET FUND,2025-03-24,0.0,False,0.0,0.0,-0.11237342332491489,0.0,0,3,False,-0.015124477871201124,-0.015124477871201124,0.0,0.5096215470852103,0.5093843660264471,0.0002555176430459415,0.66208252345003,0.5944894106824704,0.0728196536785911,0
-0.26780391827708666,0,0,0,0,-0.10877303264298453,0,3053418.213984,3053418.213984,0.7290449893647888,-0.038982917813803294,-0.03055635111510901,0.3799447513038712,-0.06512294793171672,-0.0018163089358341745,-0.037503450882331674,0,-0.01763055510438104,0.0,CFE081FA-3EC1-EF11-B300-005056A80461,MONEY MARKET FUND,2025-03-25,0.0,False,0.0,0.0,-0.09658884615260642,0.0,1,3,False,-0.015124477871201124,-0.015124477871201124,0.0,0.5097381977412867,0.5095025718251113,0.0002551536225356216,0.6953262444779031,0.6281763244713687,0.07271591444438541,0
-0.26780391827708666,0,0,0,0,-0.10877303264298453,0,3053943.446707,3053943.446707,0.7620233705749692,-0.018875714319072128,-0.03055635111510901,0.3799447513038712,-0.06513843543767685,-0.002059354921132598,-0.037503450882331674,0,-0.01763055510438104,0.0,CFE081FA-3EC1-EF11-B300-005056A80461,MONEY MARKET FUND,2025-03-26,0.0,False,0.0,0.0,-0.08080426898029794,0.0,2,3,False,-0.015124477871201124,-0.015124477871201124,0.0,0.5098565152337791,0.5096203598901805,0.000254350279156513,0.7290449893647888,0.6617441903307032,0.07248697619014279,0
-0.26780391827708666,0,0,0,0,-0.10877303264298453,0,3054468.402374,3054468.402374,0.7949843559566253,-0.009927239967803083,-0.03055635111510901,0.3799447513038712,-0.06515423254340609,-0.002253791709371348,-0.037503450882331674,0,-0.01763055510438104,0.0,CFE081FA-3EC1-EF11-B300-005056A80461,MONEY MARKET FUND,2025-03-27,0.0,False,0.0,0.0,-0.06501969180798946,0.0,3,3,False,-0.015124477871201124,-0.015124477871201124,0.0,0.5099722348248945,0.5097377408618813,0.00025327636170982803,0.7620233705749692,0.6951960405684294,0.0721809292763614,0
-0.26780391827708666,0,0,0,0,-0.10877303264298453,0,3054993.02652,3054993.02652,0.8279245257541826,-0.007362257533869859,-0.03055635111510901,0.3799447513038712,-0.06517077222058335,-0.0024271218725710106,-0.037503450882331674,0,-0.01763055510438104,0.0,CFE081FA-3EC1-EF11-B300-005056A80461,MONEY MARKET FUND,2025-03-28,0.0,False,0.0,0.0,-0.04923511463568098,0.0,4,3,False,-0.015124477871201124,-0.015124477871201124,0.0,0.5100878933748647,0.5098547123022716,0.0002521164922118545,0.7949843559566253,0.7285311804069645,0.071850387629774,0
-0.26780391827708666,0,0,0,0,-0.10877303264298453,0,3055517.596263,3055517.596263,0.8608612796890288,-0.011321805653446874,-0.03055635111510901,0.3799447513038712,-0.06518774330647423,-0.0024271218725710106,-0.037503450882331674,0,-0.01763055510438104,0.0,CFE081FA-3EC1-EF11-B300-005056A80461,MONEY MARKET FUND,2025-03-29,0.0,False,0.0,0.0,-0.033450537463372496,0.0,5,3,True,-0.015124477871201124,-0.015124477871201124,0.0,0.5102034788839276,0.5099712742215492,0.00025108546007551703,0.8279245257541826,0.761749612752502,0.07155656231204725,0
-0.26780391827708666,0,0,0,0,-0.10877303264298453,0,3056042.111602,3056042.111602,0.8937946176983763,-0.02340966474824168,-0.03055635111510901,0.3799447513038712,-0.06520514443845479,-0.0024271218725710106,-0.037503450882331674,0,-0.01763055510438104,0.0,CFE081FA-3EC1-EF11-B300-005056A80461,MONEY MARKET FUND,2025-03-30,0.0,False,0.0,0.0,-0.01766596029106402,0.0,6,3,True,-0.015124477871201124,-0.015124477871201124,0.0,0.5103190524068887,0.5100874266298803,0.0002503991493468758,0.8608612796890288,0.7948513405022658,0.07136097631119839,0
-0.26780391827708666,0,0,0,0,-0.10877303264298453,0,3056566.572538,3056566.572538,0.926724539845013,-0.023626401964559455,3.3884010258316657,0.3799447513038712,-0.06522276362197242,-0.0024271218725710106,-0.037503450882331674,1,-0.01763055510438104,0.0,CFE081FA-3EC1-EF11-B300-005056A80461,MONEY MARKET FUND,2025-03-31,0.0,False,0.0,0.0,-0.0018813831187555418,0.0,0,3,False,-0.015124477871201124,-0.015124477871201124,0.0,0.5104346139435277,0.51020342173742,0.0002497261627085902,0.8937946176983763,0.8279082398404244,0.07116918744537581,0
-0.26780391827708666,0,0,0,0,-0.10877303264298453,0,3057093.890987,3057093.890987,-0.10721388726993734,-0.06057559996076242,-0.03055635111510901,0.3799447513038712,-0.06524020699487788,-0.0023401369936221043,-0.037503450882331674,0,-0.01763055510438104,0.0,CFE081FA-3EC1-EF11-B300-005056A80461,MONEY MARKET FUND,2025-04-01,0.0,False,0.0,0.0,0.013903194053552937,0.0,1,4,False,-0.015124477871201124,-0.015124477871201124,0.0,0.5105501634940649,0.5103191113631079,0.00024981390639955067,0.926724539845013,0.7084426860354632,0.3640434131494574,0
-0.26780391827708666,0,0,0,0,-0.10877303264298453,0,3057620.622191,3057620.622191,-0.07414141923787744,-0.05879075734016645,-0.03055635111510901,0.3799447513038712,-0.06525743729325655,-0.0027808177406500275,-0.037503450882331674,0,-0.01763055510438104,0.0,CFE081FA-3EC1-EF11-B300-005056A80461,MONEY MARKET FUND,2025-04-02,0.0,False,0.0,0.0,0.029687771225861415,0.0,2,4,False,-0.015124477871201124,-0.015124477871201124,0.0,0.510666342613594,0.5104348481525444,0.0002499942789221365,-0.10721388726993734,0.5889905732050567,0.46634232440668283,0
-0.26780391827708666,0,0,0,0,-0.10877303264298453,0,3058137.217029,3058137.217029,-0.04170539468581357,-0.035151286502354655,-0.03055635111510901,0.3799447513038712,-0.0652765132188011,-0.0029157722219604713,-0.037503450882331674,0,-0.01763055510438104,0.0,CFE081FA-3EC1-EF11-B300-005056A80461,MONEY MARKET FUND,2025-04-03,0.0,False,0.0,0.0,0.045472348398169896,0.0,3,4,False,-0.015124477871201124,-0.015124477871201124,0.0,0.5107823923509495,0.5105503217901378,0.00024970641912260667,-0.07414141923787744,0.4694634659704226,0.5099326493162964,0
-0.26780391827708666,0,0,0,0,-0.10877303264298453,0,3058644.093238,3058644.093238,-0.009879584688112716,0.0039862245754212116,-0.03055635111510901,0.3799447513038712,-0.06529682085046529,-0.0025531220281073,-0.037503450882331674,0,-0.01763055510438104,0.0,CFE081FA-3EC1-EF11-B300-005056A80461,MONEY MARKET FUND,2025-04-04,0.0,False,0.0,0.0,0.06125692557047837,0.0,4,4,False,-0.015124477871201124,-0.015124477871201124,0.0,0.5108962088380191,0.5106652368225582,0.0002485775524823363,-0.04170539468581357,0.34977716447866614,0.5100963298750931,0
-0.26780391827708666,0,0,0,0,-0.10877303264298453,0,3059150.291956,3059150.291956,0.02190368691567992,0.022332459896557515,-0.03055635111510901,0.3799447513038712,-0.0653179322794136,-0.0025531220281073,-0.037503450882331674,0,-0.01763055510438104,0.0,CFE081FA-3EC1-EF11-B300-005056A80461,MONEY MARKET FUND,2025-04-05,0.0,False,0.0,0.0,0.07704150274278686,0.0,5,4,True,-0.015124477871201124,-0.015124477871201124,0.0,0.5110078841108707,0.5107795736385021,0.0002468684461972311,-0.009879584688112716,0.22992607979675914,0.46671434187752536,0
-0.26780391827708666,0,0,0,0,-0.10877303264298453,0,3059656.438143,3059656.438143,0.05368366019614367,0.029862880552229795,-0.03055635111510901,0.3799447513038712,-0.06533948419156317,-0.0025531220281073,-0.037503450882331674,0,-0.01763055510438104,0.0,CFE081FA-3EC1-EF11-B300-005056A80461,MONEY MARKET FUND,2025-04-06,0.0,False,0.0,0.0,0.09282607991509532,0.0,6,4,True,-0.015124477871201124,-0.015124477871201124,0.0,0.5111194101184957,0.5108933322969208,0.00024488004145991645,0.02190368691567992,0.10991022872501162,0.36433660827515413,0
-0.26780391827708666,0,0,0,0,-0.10877303264298453,0,3060165.669887,3060165.669887,0.08565736983486505,0.02561253220432645,-0.03055635111510901,0.3799447513038712,-0.06536099786931251,-0.002235883057823038,-0.037503450882331674,0,-0.01763055510438104,0.0,CFE081FA-3EC1-EF11-B300-005056A80461,MONEY MARKET FUND,2025-04-07,0.0,False,0.0,0.0,0.1086106570874038,0.0,0,4,False,-0.015124477871201124,-0.015124477871201124,0.0,0.5112309245524591,0.5110066116260839,0.000243075788200944,0.05368366019614367,-0.01024222413358095,0.06927395325194838,0
-0.26780391827708666,0,0,0,0,-0.10877303264298453,0,3060693.530856,3060693.530856,0.11880077370015922,0.026897978191149363,-0.03055635111510901,0.3799447513038712,-0.06538096941247727,-0.0012214858665511978,-0.037503450882331674,0,-0.01763055510438104,0.0,CFE081FA-3EC1-EF11-B300-005056A80461,MONEY MARKET FUND,2025-04-08,0.0,False,0.0,0.0,0.12439523425971229,0.0,1,4,False,-0.015124477871201124,-0.015124477871201124,0.0,0.5113431187982065,0.5111199080307234,0.00024286917449821462,0.08565736983486505,0.022045584576432846,0.06921507217166069,0
-0.26780391827708666,0,0,0,0,-0.10877303264298453,0,3061222.718021,3061222.718021,0.15202744693412035,0.032580830137082226,-0.03055635111510901,0.3799447513038712,-0.06539939031750147,-0.0008959321651909315,-0.037503450882331674,0,-0.01763055510438104,0.0,CFE081FA-3EC1-EF11-B300-005056A80461,MONEY MARKET FUND,2025-04-09,0.0,False,0.0,0.0,0.14017981143202077,0.0,2,4,False,-0.015124477871201124,-0.015124477871201124,0.0,0.5114594174460698,0.5112332817351931,0.00024428400236185767,0.11880077370015922,0.054355422601003955,0.06961827190876155,0
-0.26780391827708666,0,0,0,0,-0.10877303264298453,0,3061751.812483,3061751.812483,0.1852482995199393,0.046885564650358744,-0.03055635111510901,0.3799447513038712,-0.06541463791044566,-0.0009579728509118511,-0.037503450882331674,0,-0.01763055510438104,0.0,CFE081FA-3EC1-EF11-B300-005056A80461,MONEY MARKET FUND,2025-04-10,0.0,False,0.0,0.0,0.15596438860432923,0.0,3,4,False,-0.015124477871201124,-0.015124477871201124,0.0,0.5115760082822379,0.5113470488574797,0.0002465707790534119,0.15202744693412035,0.08677737891611151,0.07026996104620437,0
-0.26780391827708666,0,0,0,0,-0.10877303264298453,0,3062281.377833,3062281.377833,0.21849871828336156,0.047642441851810276,-0.03055635111510901,0.3799447513038712,-0.06542818536743918,-0.0006791095625168084,-0.037503450882331674,0,-0.01763055510438104,0.0,CFE081FA-3EC1-EF11-B300-005056A80461,MONEY MARKET FUND,2025-04-11,0.0,False,0.0,0.0,0.17174896577663773,0.0,4,4,False,-0.015124477871201124,-0.015124477871201124,0.0,0.5116925786940252,0.5114615301062326,0.0002488778173032195,0.1852482995199393,0.11940285076917925,0.07092742451349038,0
-0.26780391827708666,0,0,0,0,-0.10877303264298453,0,3062810.88894,3062810.88894,0.25174573123017413,0.03544789503362136,-0.03055635111510901,0.3799447513038712,-0.06543991091967537,-0.0006791095625168084,-0.037503450882331674,0,-0.01763055510438104,0.0,CFE081FA-3EC1-EF11-B300-005056A80461,MONEY MARKET FUND,2025-04-12,0.0,False,0.0,0.0,0.1875335429489462,0.0,5,4,True,-0.015124477871201124,-0.015124477871201124,0.0,0.5118092528521411,0.5115767450977913,0.000250774416055997,0.21849871828336156,0.15223742852839273,0.07146792038964789,0
-0.26780391827708666,0,0,0,0,-0.10877303264298453,0,3063340.345804,3063340.345804,0.2849893383603768,0.005628410954671829,-0.03055635111510901,0.3799447513038712,-0.06545041814043812,-0.0006791095625168084,-0.037503450882331674,0,-0.01763055510438104,0.0,CFE081FA-3EC1-EF11-B300-005056A80461,MONEY MARKET FUND,2025-04-13,0.0,False,0.0,0.0,0.2033181201212547,0.0,6,4,True,-0.015124477871201124,-0.015124477871201124,0.0,0.5119259150594064,0.5116926937782716,0.00025186464518175695,0.25174573123017413,0.18528109683756888,0.07177861574918547,0
-0.26780391827708666,0,0,0,0,-0.10877303264298453,0,3063857.041813,3063857.041813,0.3174317152504793,-0.022884444586968065,-0.03055635111510901,0.3799447513038712,-0.06546048416353555,-0.0006439318541183531,-0.037503450882331674,0,-0.01763055510438104,0.0,CFE081FA-3EC1-EF11-B300-005056A80461,MONEY MARKET FUND,2025-04-14,0.0,False,0.0,0.0,0.21910269729356316,0.0,0,4,False,-0.015124477871201124,-0.015124477871201124,0.0,0.5120425653158214,0.5118088773918059,0.00025131287335265675,0.2849893383603768,0.21839171761122805,0.07162137085875697,0
-0.26780391827708666,0,0,0,0,-0.10877303264298453,0,3064387.28246,3064387.28246,0.35072453465064957,-0.02158869140430015,-0.03055635111510901,0.3799447513038712,-0.06546905030642762,-0.0007584193050878739,-0.037503450882331674,0,-0.01763055510438104,0.0,CFE081FA-3EC1-EF11-B300-005056A80461,MONEY MARKET FUND,2025-04-15,0.0,False,0.0,0.0,0.23488727446587163,0.0,1,4,False,-0.015124477871201124,-0.015124477871201124,0.0,0.5121564040929467,0.5119251359042111,0.00025094322249463095,0.3174317152504793,0.2515236834612981,0.07151602712097703,0
-0.26780391827708666,0,0,0,0,-0.10877303264298453,0,3064912.666822,3064912.666822,0.3837124369902824,-0.021428061098212558,-0.03055635111510901,0.3799447513038712,-0.06547690736781972,-0.0009080844644558498,-0.037503450882331674,0,-0.01763055510438104,0.0,CFE081FA-3EC1-EF11-B300-005056A80461,MONEY MARKET FUND,2025-04-16,0.0,False,0.0,0.0,0.2506718516381801,0.0,2,4,False,-0.015124477871201124,-0.015124477871201124,0.0,0.5122732270329061,0.5120412747257796,0.00025055894316769207,0.35072453465064957,0.284621539183607,0.0714065145412814,0
-0.26780391827708666,0,0,0,0,-0.10877303264298453,0,3065441.960946,3065441.960946,0.4169458259799864,-0.021286472228922996,-0.03055635111510901,0.3799447513038712,-0.06548124398879025,0.0010554712588761478,-0.037503450882331674,0,-0.01763055510438104,0.0,CFE081FA-3EC1-EF11-B300-005056A80461,MONEY MARKET FUND,2025-04-17,0.0,False,0.0,0.0,0.2664564288104886,0.0,3,4,False,-0.015124477871201124,-0.015124477871201124,0.0,0.5123889800332179,0.5121574198315842,0.0002504179088151942,0.3837124369902824,0.3177211858207566,0.07136632232832045,0
-0.26780391827708666,0,0,0,0,-0.10877303264298453,0,3065995.2304,3065995.2304,0.4516845811393071,0.041772218868339525,-0.03055635111510901,0.3799447513038712,-0.0654828116607074,0.0010554712588761478,-0.037503450882331674,0,-0.01763055510438104,0.0,CFE081FA-3EC1-EF11-B300-005056A80461,MONEY MARKET FUND,2025-04-18,0.0,False,0.0,0.0,0.28224100598279706,0.0,4,4,False,-0.015124477871201124,-0.015124477871201124,0.0,0.5125055944346575,0.5122743110091783,0.00025177923199481435,0.4169458259799864,0.35103345194303454,0.07175427452737287,0
-0.26780391827708666,0,0,0,0,-0.10877303264298453,0,3066525.71147,3066525.71147,0.48499249625038515,0.04167992101541039,-0.03055635111510901,0.3799447513038712,-0.06548327288261137,0.0010554712588761478,-0.037503450882331674,0,-0.01763055510438104,0.0,CFE081FA-3EC1-EF11-B300-005056A80461,MONEY MARKET FUND,2025-04-19,0.0,False,0.0,0.0,0.2980255831551056,0.0,5,4,True,-0.015124477871201124,-0.015124477871201124,0.0,0.5126274910952995,0.5123912327157488,0.00025305954290390513,0.4516845811393071,0.38435441837449325,0.07211913975917571,0
-0.26780391827708666,0,0,0,0,-0.10877303264298453,0,3067056.13822,3067056.13822,0.5182970007101673,0.041558974298206014,-0.03055635111510901,0.3799447513038712,-0.06548261579219362,0.0010554712588761478,-0.037503450882331674,0,-0.01763055510438104,0.0,CFE081FA-3EC1-EF11-B300-005056A80461,MONEY MARKET FUND,2025-04-20,0.0,False,0.0,0.0,0.31381016032741404,0.0,6,4,True,-0.015124477871201124,-0.015124477871201124,0.0,0.5127443670053997,0.5125081849488721,0.00025423722583495597,0.48499249625038515,0.4176840844244633,0.0724547579311452,0
-0.26780391827708666,0,0,0,0,-0.10877303264298453,0,3067586.510213,3067586.510213,0.5515980670802402,0.022690734225288015,-0.03055635111510901,0.3799447513038712,-0.06548081566168946,0.0010554712588761478,-0.037503450882331674,0,-0.01763055510438104,0.0,CFE081FA-3EC1-EF11-B300-005056A80461,MONEY MARKET FUND,2025-04-21,0.0,False,0.0,0.0,0.3295947374997225,0.0,0,4,False,-0.015124477871201124,-0.015124477871201124,0.0,0.5128612309476844,0.5126255676250046,0.0002544349287064828,0.5182970007101673,0.4511364204001434,0.07251109964609583,0
-0.26780391827708666,0,0,0,0,-0.10877303264298453,0,3068134.975155,3068134.975155,0.5860351559089486,0.03891991512992038,-0.03055635111510901,0.3799447513038712,-0.06547660896091856,0.0042579219125319775,-0.037503450882331674,0,-0.01763055510438104,0.0,CFE081FA-3EC1-EF11-B300-005056A80461,MONEY MARKET FUND,2025-04-22,0.0,False,0.0,0.0,0.345379314672031,0.0,1,4,False,-0.015124477871201124,-0.015124477871201124,0.0,0.5129780828258739,0.512743523899379,0.00025526016135805256,0.5515980670802402,0.4847522234370433,0.07274627593760004,0
-0.26780391827708666,0,0,0,0,-0.10877303264298453,0,3068675.556798,3068675.556798,0.6199772671244368,0.0302867973145787,-0.03055635111510901,0.3799447513038712,-0.06547117300779959,0.008545125174256546,-0.037503450882331674,0,-0.01763055510438104,0.0,CFE081FA-3EC1-EF11-B300-005056A80461,MONEY MARKET FUND,2025-04-23,0.0,False,0.0,0.0,0.36116389184433945,0.0,2,4,False,-0.015124477871201124,-0.015124477871201124,0.0,0.5130989209535272,0.5128619584986304,0.00025567118551700585,0.5860351559089486,0.5185043420276367,0.07286341034924823,0
-0.26780391827708666,0,0,0,0,-0.10877303264298453,0,3069222.835966,3069222.835966,0.6543399034194612,0.028580963639902406,-0.03055635111510901,0.3799447513038712,-0.06546355622964044,0.00897749119020849,-0.037503450882331674,0,-0.01763055510438104,0.0,CFE081FA-3EC1-EF11-B300-005056A80461,MONEY MARKET FUND,2025-04-24,0.0,False,0.0,0.0,0.37694846901664797,0.0,3,4,False,-0.015124477871201124,-0.015124477871201124,0.0,0.5132180222279779,0.5129809591658488,0.00025601736295647893,0.6199772671244368,0.5524177816618475,0.07296206462771265,0
-0.26780391827708666,0,0,0,0,-0.10877303264298453,0,3069756.96178,3069756.96178,0.6878766651956117,0.010621962983039824,-0.03055635111510901,0.3799447513038712,-0.06545556446129609,0.008938475913621109,-0.037503450882331674,0,-0.01763055510438104,0.0,CFE081FA-3EC1-EF11-B300-005056A80461,MONEY MARKET FUND,2025-04-25,0.0,False,0.0,0.0,0.39273304618895644,0.0,4,4,False,-0.015124477871201124,-0.015124477871201124,0.0,0.5133385991051864,0.5130993572990187,0.0002569470952770897,0.6543399034194612,0.5861595079556052,0.07322702146541206,0
-0.26780391827708666,0,0,0,0,-0.10877303264298453,0,3070291.032943,3070291.032943,0.721409995537595,0.00645061012602618,-0.03055635111510901,0.3799447513038712,-0.06544726426188995,0.008938475913621109,-0.037503450882331674,0,-0.01763055510438104,0.0,CFE081FA-3EC1-EF11-B300-005056A80461,MONEY MARKET FUND,2025-04-26,0.0,False,0.0,0.0,0.4085176233612649,0.0,5,4,True,-0.015124477871201124,-0.015124477871201124,0.0,0.5134562780274884,0.5132178684281115,0.000257239167468032,0.6878766651956117,0.6199334364252067,0.07331025674046111,0
-0.26780391827708666,0,0,0,0,-0.10877303264298453,0,3070825.049456,3070825.049456,0.754939894508199,0.0015601298493926761,-0.03055635111510901,0.3799447513038712,-0.06543872691303744,0.008938475913621109,-0.037503450882331674,0,-0.01763055510438104,0.0,CFE081FA-3EC1-EF11-B300-005056A80461,MONEY MARKET FUND,2025-04-27,0.0,False,0.0,0.0,0.42430220053357337,0.0,6,4,True,-0.015124477871201124,-0.015124477871201124,0.0,0.5135739449090488,0.5133364925427406,0.00025682719375266517,0.721409995537595,0.6537395641106398,0.07319285169537804,0
-0.26780391827708666,0,0,0,0,-0.10877303264298453,0,3071367.092606,3071367.092606,0.7889737710171975,-0.007416249502556162,-0.03055635111510901,0.3799447513038712,-0.06542945227776367,0.008543206390162095,-0.037503450882331674,0,-0.01763055510438104,0.0,CFE081FA-3EC1-EF11-B300-005056A80461,MONEY MARKET FUND,2025-04-28,0.0,False,0.0,0.0,0.44008677770588184,0.0,0,4,False,-0.015124477871201124,-0.015124477871201124,0.0,0.5136915997500885,0.513455483999708,0.00025605016762688326,0.754939894508199,0.6876503789587766,0.07297141334364761,0
-0.26780391827708666,0,0,0,0,-0.10877303264298453,0,3071909.114006,3071909.114006,0.8230062818843384,-0.018122030325823234,-0.03055635111510901,0.3799447513038712,-0.06541952947137424,0.008797765080027288,-0.037503450882331674,0,-0.01763055510438104,0.0,CFE081FA-3EC1-EF11-B300-005056A80461,MONEY MARKET FUND,2025-04-29,0.0,False,0.0,0.0,0.45587135487819036,0.0,1,4,False,-0.015124477871201124,-0.015124477871201124,0.0,0.5138110230246453,0.5135742726502367,0.0002559434682664417,0.7889737710171975,0.7215033969552608,0.07294100595832863,0
-0.26780391827708666,0,0,0,0,-0.10877303264298453,0,3072436.565106,3072436.565106,0.8561239508410173,-0.0024546279547229665,3.1621877184052165,0.3799447513038712,-0.06541004159021394,0.009920893369985272,-0.037503450882331674,1,-0.01763055510438104,0.0,CFE081FA-3EC1-EF11-B300-005056A80461,MONEY MARKET FUND,2025-04-30,0.0,False,0.0,0.0,0.4716559320504988,0.0,2,4,False,-0.015124477871201124,-0.015124477871201124,0.0,0.5139304415072289,0.5136926480251695,0.00025533608762833715,0.8230062818843384,0.7552386374862009,0.07276791350545272,0
